+ BUILD_DIR=build-mips
+ INSTALL_DIR=build-mips/install
+ CMAKE_BUILD_TYPE=RelWithDebInfo
++ realpath build_tools/cmake/linux_mips64_gcc.cmake
+ CMAKE_TOOLCHAIN_FILE=/home/andrea/workspace/iree/build_tools/cmake/linux_mips64_gcc.cmake
+ MIPS_TOOLCHAIN_PREFIX=mips64el-linux-gnuabi64-
+ MIPS_TOOLCHAIN_ROOT=
++ realpath /home/andrea/workspace/iree/build/tools
+ IREE_HOST_BIN_DIR=/home/andrea/workspace/iree/build/tools
+ IREE_ENABLE_ASSERTIONS=ON
+ IREE_BUILD_TEST_DEPS=1
+ source build_tools/cmake/setup_build.sh
++ set -euo pipefail
+++ which cmake
++ CMAKE_BIN=/usr/bin/cmake
++ /usr/bin/cmake --version
cmake version 3.28.3

CMake suite maintained and supported by Kitware (kitware.com/cmake).
++ ninja --version
1.11.1
++ python3 --version
Python 3.12.3
++ [[ ! -z '' ]]
+++ which python3
++ IREE_PYTHON3_EXECUTABLE=/home/andrea/workspace/iree/.venv/bin/python3
++ [[ -d build-mips ]]
++ echo ''\''build-mips'\'' directory does not already exist. Creating a new one.'
'build-mips' directory does not already exist. Creating a new one.
++ mkdir -p build-mips
+ source build_tools/cmake/setup_ccache.sh
++ set -euo pipefail
++ IREE_READ_REMOTE_CCACHE=1
++ IREE_WRITE_REMOTE_CCACHE=0
++ IREE_READ_LOCAL_CCACHE=0
++ IREE_WRITE_LOCAL_CCACHE=0
++ ((  0 == 1 && 1 != 1  ))
++ ((  0 == 1 && 0 != 1  ))
++ ((  IREE_READ_REMOTE_CCACHE == 1 || IREE_READ_LOCAL_CCACHE == 1  ))
++ export IREE_USE_CCACHE=1
++ IREE_USE_CCACHE=1
+++ which ccache
++ export CMAKE_C_COMPILER_LAUNCHER=/usr/bin/ccache
++ CMAKE_C_COMPILER_LAUNCHER=/usr/bin/ccache
+++ which ccache
++ export CMAKE_CXX_COMPILER_LAUNCHER=/usr/bin/ccache
++ CMAKE_CXX_COMPILER_LAUNCHER=/usr/bin/ccache
++ export CCACHE_SLOPPINESS=pch_defines,time_macros
++ CCACHE_SLOPPINESS=pch_defines,time_macros
++ ccache --zero-stats
Statistics zeroed
++ ccache --show-stats
Local storage:
  Cache size (GiB): 3.5 / 5.0 (70.37%)
++ ((  IREE_READ_LOCAL_CCACHE == 1 && IREE_WRITE_LOCAL_CCACHE == 0  ))
++ ((  IREE_READ_REMOTE_CCACHE == 1 && IREE_READ_LOCAL_CCACHE == 0  ))
++ export CCACHE_REMOTE_ONLY=1
++ CCACHE_REMOTE_ONLY=1
++ ((  IREE_READ_REMOTE_CCACHE == 1  ))
++ export CCACHE_REMOTE_STORAGE=http://storage.googleapis.com/iree-sccache/ccache
++ CCACHE_REMOTE_STORAGE=http://storage.googleapis.com/iree-sccache/ccache
++ ((  IREE_WRITE_REMOTE_CCACHE == 1  ))
++ export 'CCACHE_REMOTE_STORAGE=http://storage.googleapis.com/iree-sccache/ccache|read-only'
++ CCACHE_REMOTE_STORAGE='http://storage.googleapis.com/iree-sccache/ccache|read-only'
+ mkdir -p build-mips/install
+ declare -a args
+ args=("-G" "Ninja" "-B" "${BUILD_DIR}" "-DCMAKE_BUILD_TYPE=${CMAKE_BUILD_TYPE}" "-DCMAKE_INSTALL_PREFIX=$(realpath "${INSTALL_DIR}")" "-DIREE_ENABLE_ASSERTIONS=${IREE_ENABLE_ASSERTIONS}" "-DPython3_EXECUTABLE=${IREE_PYTHON3_EXECUTABLE}" "-DIREE_ENABLE_LLD=OFF" "-DIREE_BUILD_ALL_CHECK_TEST_MODULES=OFF" "-DIREE_BUILD_COMPILER=OFF" "-DIREE_BUILD_SAMPLES=OFF" "-DIREE_HOST_BIN_DIR=${IREE_HOST_BIN_DIR}" "-DCMAKE_TOOLCHAIN_FILE=${CMAKE_TOOLCHAIN_FILE}" "-DMIPS_TOOLCHAIN_PREFIX=${MIPS_TOOLCHAIN_PREFIX}" "-DMIPS_TOOLCHAIN_ROOT=${MIPS_TOOLCHAIN_ROOT}" "-DIREE_HAL_EXECUTABLE_LOADER_DEFAULTS=OFF" "-DIREE_HAL_EXECUTABLE_LOADER_VMVX_MODULE=ON" "-DIREE_HAL_DRIVER_DEFAULTS=OFF" "-DIREE_HAL_DRIVER_LOCAL_SYNC=ON" "-DIREE_HAL_DRIVER_LOCAL_TASK=ON" "-DIREE_TARGET_BACKEND_DEFAULTS=OFF" "-DIREE_TARGET_BACKEND_LLVM_CPU=OFF")
++ realpath build-mips/install
+ /usr/bin/cmake -G Ninja -B build-mips -DCMAKE_BUILD_TYPE=RelWithDebInfo -DCMAKE_INSTALL_PREFIX=/home/andrea/workspace/iree/build-mips/install -DIREE_ENABLE_ASSERTIONS=ON -DPython3_EXECUTABLE=/home/andrea/workspace/iree/.venv/bin/python3 -DIREE_ENABLE_LLD=OFF -DIREE_BUILD_ALL_CHECK_TEST_MODULES=OFF -DIREE_BUILD_COMPILER=OFF -DIREE_BUILD_SAMPLES=OFF -DIREE_HOST_BIN_DIR=/home/andrea/workspace/iree/build/tools -DCMAKE_TOOLCHAIN_FILE=/home/andrea/workspace/iree/build_tools/cmake/linux_mips64_gcc.cmake -DMIPS_TOOLCHAIN_PREFIX=mips64el-linux-gnuabi64- -DMIPS_TOOLCHAIN_ROOT= -DIREE_HAL_EXECUTABLE_LOADER_DEFAULTS=OFF -DIREE_HAL_EXECUTABLE_LOADER_VMVX_MODULE=ON -DIREE_HAL_DRIVER_DEFAULTS=OFF -DIREE_HAL_DRIVER_LOCAL_SYNC=ON -DIREE_HAL_DRIVER_LOCAL_TASK=ON -DIREE_TARGET_BACKEND_DEFAULTS=OFF -DIREE_TARGET_BACKEND_LLVM_CPU=OFF
-- The C compiler identification is GNU 12.4.0
-- The CXX compiler identification is GNU 12.4.0
-- The ASM compiler identification is GNU
-- Found assembler: /usr/bin/mips64el-linux-gnuabi64-gcc
-- Detecting C compiler ABI info
-- Detecting C compiler ABI info - done
-- Check for working C compiler: /usr/bin/mips64el-linux-gnuabi64-gcc - skipped
-- Detecting C compile features
-- Detecting C compile features - done
-- Detecting CXX compiler ABI info
-- Detecting CXX compiler ABI info - done
-- Check for working CXX compiler: /usr/bin/mips64el-linux-gnuabi64-g++ - skipped
-- Detecting CXX compile features
-- Detecting CXX compile features - done
-- Could not find nvcc, please set CUDAToolkit_ROOT.
-- IREE HAL drivers:
--   - local-sync
--   - local-task
-- IREE HAL local executable library loaders:
--   - vmvx-module
-- IREE HAL local executable plugin mechanisms:
--   - embedded-elf
--   - system-library
-- IREE_ENABLE_ASSERTIONS force disabled NDEBUG for CMAKE_CXX_FLAGS_RELWITHDEBINFO: '-O2 -g -DNDEBUG' -> '-O2 -g '
-- IREE_ENABLE_ASSERTIONS force disabled NDEBUG for CMAKE_C_FLAGS_RELWITHDEBINFO: '-O2 -g -DNDEBUG' -> '-O2 -g '
-- Performing Test CMAKE_HAVE_LIBC_PTHREAD
-- Performing Test CMAKE_HAVE_LIBC_PTHREAD - Success
-- Found Threads: TRUE  
-- Looking for dlopen
-- Looking for dlopen - found
-- Performing Test IREE_SUPPORTS_VISIBILITY_DEFAULT
-- Performing Test IREE_SUPPORTS_VISIBILITY_DEFAULT - Success
-- Found Python3: /home/andrea/workspace/iree/.venv/bin/python3 (found version "3.12.3") found components: Interpreter 
-- Found Python: /home/andrea/workspace/iree/.venv/bin/python3 (found version "3.12.3") found components: Interpreter 
-- Found Git: /usr/bin/git (found version "2.43.0") 
-- Not adding LLVM/MLIR because the configuration does not require it
-- Google Benchmark version: v1.9.5, normalized to 1.9.5
-- Looking for shm_open in rt
-- Looking for shm_open in rt - found
-- Performing Test HAVE_CXX_FLAG_WALL
-- Performing Test HAVE_CXX_FLAG_WALL - Success
-- Performing Test HAVE_CXX_FLAG_WEXTRA
-- Performing Test HAVE_CXX_FLAG_WEXTRA - Success
-- Performing Test HAVE_CXX_FLAG_WSHADOW
-- Performing Test HAVE_CXX_FLAG_WSHADOW - Success
-- Performing Test HAVE_CXX_FLAG_WFLOAT_EQUAL
-- Performing Test HAVE_CXX_FLAG_WFLOAT_EQUAL - Success
-- Performing Test HAVE_CXX_FLAG_WOLD_STYLE_CAST
-- Performing Test HAVE_CXX_FLAG_WOLD_STYLE_CAST - Success
-- Performing Test HAVE_CXX_FLAG_WCONVERSION
-- Performing Test HAVE_CXX_FLAG_WCONVERSION - Success
-- Performing Test HAVE_CXX_FLAG_WFORMAT_2
-- Performing Test HAVE_CXX_FLAG_WFORMAT_2 - Success
-- Performing Test HAVE_CXX_FLAG_WERROR
-- Performing Test HAVE_CXX_FLAG_WERROR - Success
-- Performing Test HAVE_CXX_FLAG_WSUGGEST_OVERRIDE
-- Performing Test HAVE_CXX_FLAG_WSUGGEST_OVERRIDE - Success
-- Performing Test HAVE_CXX_FLAG_PEDANTIC
-- Performing Test HAVE_CXX_FLAG_PEDANTIC - Success
-- Performing Test HAVE_CXX_FLAG_PEDANTIC_ERRORS
-- Performing Test HAVE_CXX_FLAG_PEDANTIC_ERRORS - Success
-- Performing Test HAVE_CXX_FLAG_WSHORTEN_64_TO_32
-- Performing Test HAVE_CXX_FLAG_WSHORTEN_64_TO_32 - Failed
-- Performing Test HAVE_CXX_FLAG_FSTRICT_ALIASING
-- Performing Test HAVE_CXX_FLAG_FSTRICT_ALIASING - Success
-- Performing Test HAVE_CXX_FLAG_WNO_DEPRECATED_DECLARATIONS
-- Performing Test HAVE_CXX_FLAG_WNO_DEPRECATED_DECLARATIONS - Success
-- Performing Test HAVE_CXX_FLAG_WNO_DEPRECATED
-- Performing Test HAVE_CXX_FLAG_WNO_DEPRECATED - Success
-- Performing Test HAVE_CXX_FLAG_WSTRICT_ALIASING
-- Performing Test HAVE_CXX_FLAG_WSTRICT_ALIASING - Success
-- Performing Test HAVE_CXX_FLAG_WTHREAD_SAFETY
-- Performing Test HAVE_CXX_FLAG_WTHREAD_SAFETY - Failed
-- Performing Test HAVE_CXX_FLAG_COVERAGE
-- Performing Test HAVE_CXX_FLAG_COVERAGE - Success
CMake Warning at third_party/benchmark/cmake/CXXFeatureCheck.cmake:65 (message):
  If you see build failures due to cross compilation, try setting
  HAVE_STD_REGEX to 0
Call Stack (most recent call first):
  third_party/benchmark/CMakeLists.txt:314 (cxx_feature_check)


-- Performing Test STD_REGEX -- success
CMake Warning at third_party/benchmark/cmake/CXXFeatureCheck.cmake:65 (message):
  If you see build failures due to cross compilation, try setting
  HAVE_STEADY_CLOCK to 0
Call Stack (most recent call first):
  third_party/benchmark/CMakeLists.txt:332 (cxx_feature_check)


-- Performing Test STEADY_CLOCK -- success
CMake Warning at third_party/benchmark/cmake/CXXFeatureCheck.cmake:65 (message):
  If you see build failures due to cross compilation, try setting
  HAVE_PTHREAD_AFFINITY to 0
Call Stack (most recent call first):
  third_party/benchmark/CMakeLists.txt:336 (cxx_feature_check)


-- Performing Test PTHREAD_AFFINITY -- success
CMake Warning at build_tools/cmake/iree_import_binary.cmake:61 (message):
  Could not find optional 'FileCheck' under
  '/home/andrea/workspace/iree/build/tools'.  Features that depend on it may
  fail to build.
Call Stack (most recent call first):
  tools/CMakeLists.txt:48 (iree_import_binary)


CMake Warning at build_tools/cmake/iree_import_binary.cmake:61 (message):
  Could not find optional 'not' under
  '/home/andrea/workspace/iree/build/tools'.  Features that depend on it may
  fail to build.
Call Stack (most recent call first):
  tools/CMakeLists.txt:49 (iree_import_binary)


CMake Warning at build_tools/cmake/iree_import_binary.cmake:61 (message):
  Could not find optional 'clang' under
  '/home/andrea/workspace/iree/build/tools'.  Features that depend on it may
  fail to build.
Call Stack (most recent call first):
  tools/CMakeLists.txt:50 (iree_import_binary)


CMake Warning at build_tools/cmake/iree_import_binary.cmake:61 (message):
  Could not find optional 'llvm-link' under
  '/home/andrea/workspace/iree/build/tools'.  Features that depend on it may
  fail to build.
Call Stack (most recent call first):
  tools/CMakeLists.txt:51 (iree_import_binary)


-- Configuring IREE runtime plugins
-- Runtime tracing disabled
-- iree_allocator_system() using `IREE_ALLOCATOR_LIBC_*`
-- IREE task topology: using sysfs (Linux)
-- Looking for dl_iterate_phdr
-- Looking for dl_iterate_phdr - found
-- Configuring done (34.3s)
-- Generating done (1.4s)
-- Build files have been written to: /home/andrea/workspace/iree/build-mips
+ echo 'Building all'
Building all
+ echo ------------
------------
+ /usr/bin/cmake --build build-mips -- -k 0
[0/2] Re-checking globbed directories...
[1/1523] Building CXX object third_party/benchmark/src/CMakeFiles/benchmark.dir/check.cc.o
[2/1523] Building CXX object third_party/benchmark/src/CMakeFiles/benchmark.dir/benchmark_name.cc.o
[3/1523] Building CXX object third_party/benchmark/src/CMakeFiles/benchmark.dir/colorprint.cc.o
[4/1523] Building CXX object third_party/benchmark/src/CMakeFiles/benchmark.dir/reporter.cc.o
[5/1523] Building CXX object third_party/benchmark/src/CMakeFiles/benchmark.dir/counter.cc.o
[6/1523] Building CXX object third_party/benchmark/src/CMakeFiles/benchmark.dir/perf_counters.cc.o
[7/1523] Building CXX object third_party/benchmark/src/CMakeFiles/benchmark.dir/console_reporter.cc.o
[8/1523] Building CXX object third_party/benchmark/src/CMakeFiles/benchmark.dir/csv_reporter.cc.o
[9/1523] Building CXX object third_party/benchmark/src/CMakeFiles/benchmark.dir/benchmark_api_internal.cc.o
[10/1523] Building CXX object third_party/benchmark/src/CMakeFiles/benchmark.dir/json_reporter.cc.o
[11/1523] Building CXX object third_party/benchmark/src/CMakeFiles/benchmark.dir/commandlineflags.cc.o
[12/1523] Building CXX object third_party/benchmark/src/CMakeFiles/benchmark.dir/complexity.cc.o
[13/1523] Building C object build_tools/third_party/flatcc/CMakeFiles/flatcc_runtime.dir/__/__/__/third_party/flatcc/src/runtime/emitter.c.o
[14/1523] Building C object build_tools/third_party/flatcc/CMakeFiles/flatcc_runtime.dir/__/__/__/third_party/flatcc/src/runtime/refmap.c.o
[15/1523] Building CXX object third_party/benchmark/src/CMakeFiles/benchmark.dir/statistics.cc.o
[16/1523] Building CXX object third_party/benchmark/src/CMakeFiles/benchmark.dir/string_util.cc.o
[17/1523] Building C object build_tools/third_party/flatcc/CMakeFiles/flatcc_runtime.dir/__/__/__/third_party/flatcc/src/runtime/builder.c.o
[18/1523] Building C object build_tools/third_party/flatcc/CMakeFiles/iree-flatcc-cli.dir/__/__/__/third_party/flatcc/src/cli/flatcc_cli.c.o
[19/1523] Building CXX object third_party/benchmark/src/CMakeFiles/benchmark.dir/timers.cc.o
[20/1523] Building C object build_tools/third_party/flatcc/CMakeFiles/iree-flatcc-cli.dir/__/__/__/third_party/flatcc/external/hash/cmetrohash64.c.o
[21/1523] Building C object build_tools/third_party/flatcc/CMakeFiles/flatcc_runtime.dir/__/__/__/third_party/flatcc/src/runtime/json_parser.c.o
[22/1523] Building C object build_tools/third_party/flatcc/CMakeFiles/flatcc_parsing.dir/__/__/__/third_party/flatcc/src/runtime/verifier.c.o
[23/1523] Linking C static library build_tools/third_party/flatcc/libflatcc_parsing.a
[24/1523] Building C object build_tools/third_party/flatcc/CMakeFiles/iree-flatcc-cli.dir/__/__/__/third_party/flatcc/external/hash/ptr_set.c.o
[25/1523] Building C object build_tools/third_party/flatcc/CMakeFiles/iree-flatcc-cli.dir/__/__/__/third_party/flatcc/external/hash/str_set.c.o
[26/1523] Building CXX object third_party/benchmark/src/CMakeFiles/benchmark.dir/benchmark_runner.cc.o
[27/1523] Building C object build_tools/third_party/flatcc/CMakeFiles/iree-flatcc-cli.dir/__/__/__/third_party/flatcc/src/compiler/hash_tables/symbol_table.c.o
[28/1523] Building CXX object third_party/benchmark/src/CMakeFiles/benchmark.dir/sysinfo.cc.o
[29/1523] Building C object build_tools/third_party/flatcc/CMakeFiles/iree-flatcc-cli.dir/__/__/__/third_party/flatcc/src/compiler/hash_tables/scope_table.c.o
[30/1523] Building C object build_tools/third_party/flatcc/CMakeFiles/iree-flatcc-cli.dir/__/__/__/third_party/flatcc/src/compiler/hash_tables/name_table.c.o
[31/1523] Building C object build_tools/third_party/flatcc/CMakeFiles/iree-flatcc-cli.dir/__/__/__/third_party/flatcc/src/compiler/hash_tables/schema_table.c.o
[32/1523] Building C object build_tools/third_party/flatcc/CMakeFiles/iree-flatcc-cli.dir/__/__/__/third_party/flatcc/src/compiler/hash_tables/value_set.c.o
[33/1523] Building C object build_tools/third_party/flatcc/CMakeFiles/iree-flatcc-cli.dir/__/__/__/third_party/flatcc/src/compiler/fileio.c.o
[34/1523] Building C object build_tools/third_party/flatcc/CMakeFiles/iree-flatcc-cli.dir/__/__/__/third_party/flatcc/src/compiler/coerce.c.o
[35/1523] Building C object build_tools/third_party/flatcc/CMakeFiles/iree-flatcc-cli.dir/__/__/__/third_party/flatcc/src/compiler/flatcc.c.o
[36/1523] Building C object build_tools/third_party/flatcc/CMakeFiles/iree-flatcc-cli.dir/__/__/__/third_party/flatcc/src/compiler/codegen_c.c.o
[37/1523] Building C object build_tools/third_party/flatcc/CMakeFiles/iree-flatcc-cli.dir/__/__/__/third_party/flatcc/src/compiler/codegen_c_sort.c.o
[38/1523] Building C object build_tools/third_party/flatcc/CMakeFiles/iree-flatcc-cli.dir/__/__/__/third_party/flatcc/src/compiler/semantics.c.o
[39/1523] Generating testembed1.h, testembed1.c
[40/1523] Building C object build_tools/third_party/flatcc/CMakeFiles/iree-flatcc-cli.dir/__/__/__/third_party/flatcc/src/compiler/codegen_schema.c.o
[41/1523] Generating testembed2.h, testembed2.c
[42/1523] Building C object build_tools/third_party/flatcc/CMakeFiles/iree-flatcc-cli.dir/__/__/__/third_party/flatcc/src/compiler/codegen_c_verifier.c.o
[43/1523] Building CXX object third_party/googletest/googlemock/CMakeFiles/gmock.dir/src/gmock-all.cc.o
[44/1523] Building CXX object third_party/benchmark/src/CMakeFiles/benchmark.dir/benchmark.cc.o
[45/1523] Building C object build_tools/third_party/flatcc/CMakeFiles/iree-flatcc-cli.dir/__/__/__/third_party/flatcc/src/compiler/codegen_c_sorter.c.o
[46/1523] Building C object build_tools/third_party/flatcc/CMakeFiles/iree-flatcc-cli.dir/__/__/__/third_party/flatcc/src/compiler/parser.c.o
[47/1523] Building C object build_tools/third_party/flatcc/CMakeFiles/flatcc_runtime.dir/__/__/__/third_party/flatcc/src/runtime/json_printer.c.o
[48/1523] Building C object build_tools/third_party/flatcc/CMakeFiles/iree-flatcc-cli.dir/__/__/__/third_party/flatcc/src/compiler/codegen_c_json_printer.c.o
[49/1523] Linking C static library build_tools/third_party/flatcc/libflatcc_runtime.a
[50/1523] Building C object build_tools/third_party/flatcc/CMakeFiles/iree-flatcc-cli.dir/__/__/__/third_party/flatcc/src/compiler/codegen_c_reader.c.o
[51/1523] Building C object build_tools/third_party/flatcc/CMakeFiles/iree-flatcc-cli.dir/__/__/__/third_party/flatcc/src/runtime/emitter.c.o
[52/1523] Building C object build_tools/third_party/flatcc/CMakeFiles/iree-flatcc-cli.dir/__/__/__/third_party/flatcc/src/runtime/refmap.c.o
[53/1523] Building C object build_tools/third_party/flatcc/CMakeFiles/iree-flatcc-cli.dir/__/__/__/third_party/flatcc/src/compiler/codegen_c_builder.c.o
[54/1523] Building C object build_tools/embed_data/CMakeFiles/iree_build_tools_embed_data_testembed1.objects.dir/testembed1.c.o
[55/1523] Linking C static library build_tools/embed_data/libiree_build_tools_embed_data_testembed1.a
[56/1523] Building C object build_tools/third_party/flatcc/CMakeFiles/iree-flatcc-cli.dir/__/__/__/third_party/flatcc/src/compiler/codegen_c_json_parser.c.o
[57/1523] Building C object build_tools/embed_data/CMakeFiles/iree_build_tools_embed_data_testembed2.objects.dir/testembed2.c.o
[58/1523] Linking C static library build_tools/embed_data/libiree_build_tools_embed_data_testembed2.a
[59/1523] Building C object build_tools/third_party/flatcc/CMakeFiles/iree-flatcc-cli.dir/__/__/__/third_party/flatcc/src/runtime/builder.c.o
[60/1523] Linking C executable tools/iree-flatcc-cli
[61/1523] Building C object tools/CMakeFiles/iree-convert-parameters.dir/iree-convert-parameters-main.c.o
[62/1523] Building C object tools/CMakeFiles/iree-create-parameters.dir/iree-create-parameters-main.c.o
[63/1523] Building C object tools/CMakeFiles/iree-dump-parameters.dir/iree-dump-parameters-main.c.o
[64/1523] Building C object tools/CMakeFiles/iree-cpuinfo.dir/iree-cpuinfo.c.o
[65/1523] Building C object tools/CMakeFiles/iree-dump-replay.dir/iree-dump-replay-main.c.o
[66/1523] Building C object tools/CMakeFiles/iree-profile.dir/iree-profile-main.c.o
[67/1523] Building C object tools/CMakeFiles/iree-fatelf.dir/iree-fatelf.c.o
[68/1523] Building CXX object build_tools/embed_data/CMakeFiles/iree-c-embed-data.dir/iree-c-embed-data-main.cc.o
[69/1523] Linking CXX executable tools/iree-c-embed-data
[70/1523] Building CXX object compiler/bindings/c/CMakeFiles/iree_compiler_bindings_c_loader.objects.dir/iree/compiler/loader/loader.cpp.o
[71/1523] Building C object runtime/src/iree/async/CMakeFiles/iree_async_async.objects.dir/address_generic.c.o
[72/1523] Linking CXX static library lib/libiree_compiler_bindings_c_loader.a
[73/1523] Building C object runtime/src/iree/async/CMakeFiles/iree_async_async.objects.dir/address.c.o
[74/1523] Building C object tools/CMakeFiles/iree-tokenize.dir/iree-tokenize-main.c.o
[75/1523] Building C object runtime/src/iree/async/CMakeFiles/iree_async_async.objects.dir/address_posix.c.o
[76/1523] Building C object runtime/src/iree/async/CMakeFiles/iree_async_async.objects.dir/address_win32.c.o
[77/1523] Building C object runtime/src/iree/async/CMakeFiles/iree_async_async.objects.dir/event.c.o
[78/1523] Building C object runtime/src/iree/async/CMakeFiles/iree_async_async.objects.dir/buffer_pool.c.o
[79/1523] Building C object runtime/src/iree/async/CMakeFiles/iree_async_async.objects.dir/file.c.o
[80/1523] Building C object runtime/src/iree/async/CMakeFiles/iree_async_async.objects.dir/notification.c.o
[81/1523] Building C object runtime/src/iree/async/CMakeFiles/iree_async_async.objects.dir/frontier.c.o
[82/1523] Building C object runtime/src/iree/async/CMakeFiles/iree_async_async.objects.dir/frontier_tracker.c.o
[83/1523] Building C object runtime/src/iree/async/CMakeFiles/iree_async_async.objects.dir/operation.c.o
[84/1523] Building C object runtime/src/iree/async/CMakeFiles/iree_async_async.objects.dir/primitive.c.o
[85/1523] Building C object runtime/src/iree/async/CMakeFiles/iree_async_async.objects.dir/proactor.c.o
[86/1523] Building C object runtime/src/iree/async/CMakeFiles/iree_async_async.objects.dir/region.c.o
[87/1523] Building C object runtime/src/iree/async/CMakeFiles/iree_async_async.objects.dir/slab.c.o
[88/1523] Building CXX object build_tools/embed_data/CMakeFiles/iree_build_tools_embed_data_iree_c_embed_data_test.dir/iree_c_embed_data_test.cc.o
[89/1523] Building C object runtime/src/iree/async/CMakeFiles/iree_async_platform.objects.dir/proactor_platform.c.o
[90/1523] Building C object runtime/src/iree/async/CMakeFiles/iree_async_event_pool.objects.dir/event_pool.c.o
[91/1523] Building C object runtime/src/iree/async/CMakeFiles/iree_async_async.objects.dir/socket.c.o
[92/1523] Building C object runtime/src/iree/async/CMakeFiles/iree_async_async.objects.dir/semaphore.c.o
[93/1523] Building CXX object third_party/benchmark/src/CMakeFiles/benchmark.dir/benchmark_register.cc.o
[94/1523] Linking CXX static library third_party/benchmark/src/libbenchmark.a
[95/1523] Building CXX object runtime/src/iree/async/CMakeFiles/iree_async_frontier_tracker_benchmark.dir/frontier_tracker_benchmark.cc.o
[96/1523] Building CXX object runtime/src/iree/async/CMakeFiles/iree_async_frontier_benchmark.dir/frontier_benchmark.cc.o
[97/1523] Building CXX object runtime/src/iree/async/CMakeFiles/iree_async_primitive_test.dir/primitive_test.cc.o
[98/1523] Building CXX object runtime/src/iree/async/cts/buffer/CMakeFiles/iree_async_cts_buffer_pool_benchmark.objects.dir/pool_benchmark.cc.o
[99/1523] Building CXX object runtime/src/iree/async/CMakeFiles/iree_async_event_pool_test.dir/event_pool_test.cc.o
[100/1523] Building CXX object runtime/src/iree/async/CMakeFiles/iree_async_frontier_tracker_test.dir/frontier_tracker_test.cc.o
[101/1523] Building CXX object runtime/src/iree/async/cts/core/CMakeFiles/iree_async_cts_core_lifecycle_test.objects.dir/lifecycle_test.cc.o
[102/1523] Building CXX object runtime/src/iree/async/cts/core/CMakeFiles/iree_async_cts_core_resource_exhaustion_test.objects.dir/resource_exhaustion_test.cc.o
[103/1523] Building CXX object runtime/src/iree/async/cts/core/CMakeFiles/iree_async_cts_core_nop_test.objects.dir/nop_test.cc.o
[104/1523] Building CXX object runtime/src/iree/async/cts/core/CMakeFiles/iree_async_cts_core_error_propagation_test.objects.dir/error_propagation_test.cc.o
[105/1523] Building CXX object runtime/src/iree/async/cts/buffer/CMakeFiles/iree_async_cts_buffer_pool_test.objects.dir/pool_test.cc.o
[106/1523] Building CXX object runtime/src/iree/async/cts/buffer/CMakeFiles/iree_async_cts_buffer_registration_test.objects.dir/registration_test.cc.o
[107/1523] Building CXX object runtime/src/iree/async/cts/buffer/CMakeFiles/iree_async_cts_buffer_shared_pool_test.objects.dir/shared_pool_test.cc.o
[108/1523] Building CXX object runtime/src/iree/async/cts/core/CMakeFiles/iree_async_cts_core_sequence_benchmark.objects.dir/sequence_benchmark.cc.o
[109/1523] Building CXX object runtime/src/iree/async/cts/file/CMakeFiles/iree_async_cts_file_file_test.objects.dir/native_file.cc.o
[110/1523] Building CXX object runtime/src/iree/async/cts/core/CMakeFiles/iree_async_cts_core_dispatch_scalability_benchmark.objects.dir/dispatch_scalability_benchmark.cc.o
[111/1523] Building CXX object runtime/src/iree/async/cts/core/CMakeFiles/iree_async_cts_core_tsan_bridge_test.objects.dir/tsan_bridge_test.cc.o
[112/1523] Building CXX object runtime/src/iree/async/cts/core/CMakeFiles/iree_async_cts_core_timer_test.objects.dir/timer_test.cc.o
[113/1523] Building CXX object runtime/src/iree/async/CMakeFiles/iree_async_address_test.dir/address_test.cc.o
[114/1523] Building CXX object runtime/src/iree/async/CMakeFiles/iree_async_frontier_test.dir/frontier_test.cc.o
[115/1523] Building CXX object third_party/googletest/googletest/CMakeFiles/gtest.dir/src/gtest-all.cc.o
[116/1523] Linking CXX static library lib/libgtest.a
[117/1523] Linking CXX static library lib/libgmock.a
[118/1523] Building CXX object runtime/src/iree/async/cts/event/CMakeFiles/iree_async_cts_event_event_benchmark.objects.dir/event_benchmark.cc.o
[119/1523] Building CXX object runtime/src/iree/async/cts/event/CMakeFiles/iree_async_cts_event_event_pool_benchmark.objects.dir/event_pool_benchmark.cc.o
[120/1523] Building CXX object runtime/src/iree/async/CMakeFiles/iree_async_semaphore_test.dir/semaphore_test.cc.o
[121/1523] Building CXX object runtime/src/iree/async/cts/futex/CMakeFiles/iree_async_cts_futex_futex_benchmark.objects.dir/futex_benchmark.cc.o
[122/1523] Building CXX object runtime/src/iree/async/cts/core/CMakeFiles/iree_async_cts_core_sequence_test.objects.dir/sequence_test.cc.o
[123/1523] Building CXX object runtime/src/iree/async/cts/event/CMakeFiles/iree_async_cts_event_event_source_posix_test.objects.dir/event_source_posix_test.cc.o
[124/1523] Building CXX object runtime/src/iree/async/cts/event/CMakeFiles/iree_async_cts_event_event_test.objects.dir/event_test.cc.o
[125/1523] Building CXX object runtime/src/iree/async/cts/socket/CMakeFiles/iree_async_cts_socket_zerocopy_test.objects.dir/zerocopy_test.cc.o
[126/1523] Building CXX object runtime/src/iree/async/cts/futex/CMakeFiles/iree_async_cts_futex_futex_test.objects.dir/futex_test.cc.o
[127/1523] Building CXX object runtime/src/iree/async/cts/file/CMakeFiles/iree_async_cts_file_file_test.objects.dir/file_test.cc.o
[128/1523] Building CXX object runtime/src/iree/async/cts/socket/CMakeFiles/iree_async_cts_socket_socket_benchmark.objects.dir/socket_benchmark.cc.o
[129/1523] Building CXX object runtime/src/iree/async/cts/socket/CMakeFiles/iree_async_cts_socket_lifecycle_test.objects.dir/lifecycle_test.cc.o
[130/1523] Building CXX object runtime/src/iree/async/cts/socket/CMakeFiles/iree_async_cts_socket_multishot_test.objects.dir/multishot_test.cc.o
[131/1523] Building CXX object runtime/src/iree/async/cts/socket/CMakeFiles/iree_async_cts_socket_posix_test.objects.dir/posix_test.cc.o
[132/1523] Building CXX object runtime/src/iree/async/cts/socket/CMakeFiles/iree_async_cts_socket_udp_test.objects.dir/udp_test.cc.o
[133/1523] Building CXX object runtime/src/iree/async/cts/socket/CMakeFiles/iree_async_cts_socket_message_test.objects.dir/message_test.cc.o
[134/1523] Building CXX object runtime/src/iree/async/cts/socket/CMakeFiles/iree_async_cts_socket_tcp_control_test.objects.dir/tcp_control_test.cc.o
[135/1523] Building C object runtime/src/iree/async/platform/io_uring/CMakeFiles/iree_async_platform_io_uring_io_uring.objects.dir/notification.c.o
[136/1523] Building CXX object runtime/src/iree/async/cts/socket/CMakeFiles/iree_async_cts_socket_tcp_transfer_test.objects.dir/tcp_transfer_test.cc.o
[137/1523] Building CXX object runtime/src/iree/async/cts/sync/CMakeFiles/iree_async_cts_sync_shared_notification_test.objects.dir/shared_notification_test.cc.o
[138/1523] Building CXX object runtime/src/iree/async/cts/socket/CMakeFiles/iree_async_cts_socket_data_lifetime_test.objects.dir/data_lifetime_test.cc.o
[139/1523] Building C object runtime/src/iree/async/platform/io_uring/CMakeFiles/iree_async_platform_io_uring_io_uring.objects.dir/proactor_probe.c.o
[140/1523] Building CXX object runtime/src/iree/async/cts/socket/CMakeFiles/iree_async_cts_socket_send_flags_test.objects.dir/send_flags_test.cc.o
[141/1523] Building CXX object runtime/src/iree/async/cts/sync/CMakeFiles/iree_async_cts_sync_notification_test.objects.dir/notification_test.cc.o
[142/1523] Building C object runtime/src/iree/async/platform/io_uring/CMakeFiles/iree_async_platform_io_uring_io_uring.objects.dir/proactor.c.o
[143/1523] Building C object runtime/src/iree/async/platform/io_uring/CMakeFiles/iree_async_platform_io_uring_io_uring.objects.dir/proactor_registration.c.o
[144/1523] Building C object runtime/src/iree/async/platform/io_uring/CMakeFiles/iree_async_platform_io_uring_io_uring.objects.dir/relay.c.o
[145/1523] Building CXX object runtime/src/iree/async/cts/sync/CMakeFiles/iree_async_cts_sync_fence_posix_test.objects.dir/fence_posix_test.cc.o
[146/1523] Building C object runtime/src/iree/async/platform/io_uring/CMakeFiles/iree_async_platform_io_uring_io_uring.objects.dir/socket.c.o
[147/1523] Building C object runtime/src/iree/async/platform/io_uring/CMakeFiles/iree_async_platform_io_uring_buffer_ring.objects.dir/buffer_ring.c.o
[148/1523] Building C object runtime/src/iree/async/platform/io_uring/CMakeFiles/iree_async_platform_io_uring_io_uring.objects.dir/proactor_submit.c.o
[149/1523] Building C object runtime/src/iree/async/platform/io_uring/CMakeFiles/iree_async_platform_io_uring_sparse_table.objects.dir/sparse_table.c.o
[150/1523] Building C object runtime/src/iree/async/platform/io_uring/CMakeFiles/iree_async_platform_io_uring_uring.objects.dir/uring.c.o
[151/1523] Building CXX object runtime/src/iree/async/cts/sync/CMakeFiles/iree_async_cts_sync_relay_test.objects.dir/relay_test.cc.o
[152/1523] Building CXX object runtime/src/iree/async/cts/util/CMakeFiles/iree_async_cts_util_registry.objects.dir/registry.cc.o
[153/1523] Building CXX object runtime/src/iree/async/cts/sync/CMakeFiles/iree_async_cts_sync_relay_benchmark.objects.dir/relay_benchmark.cc.o
[154/1523] Building CXX object runtime/src/iree/async/cts/sync/CMakeFiles/iree_async_cts_sync_cancellation_test.objects.dir/cancellation_test.cc.o
[155/1523] Building CXX object runtime/src/iree/async/platform/io_uring/cts/CMakeFiles/iree_async_platform_io_uring_cts_file_tests.dir/__/__/__/cts/util/test_main.cc.o
[156/1523] Building CXX object runtime/src/iree/async/platform/io_uring/cts/CMakeFiles/iree_async_platform_io_uring_cts_backends.objects.dir/backends.cc.o
[157/1523] Building CXX object runtime/src/iree/async/platform/io_uring/cts/CMakeFiles/iree_async_platform_io_uring_cts_event_tests.dir/__/__/__/cts/util/test_main.cc.o
[158/1523] Building CXX object runtime/src/iree/async/platform/io_uring/cts/CMakeFiles/iree_async_platform_io_uring_cts_core_tests.dir/__/__/__/cts/util/test_main.cc.o
[159/1523] Building CXX object runtime/src/iree/async/platform/io_uring/cts/CMakeFiles/iree_async_platform_io_uring_cts_buffer_tests.dir/__/__/__/cts/util/test_main.cc.o
[160/1523] Building CXX object runtime/src/iree/async/platform/io_uring/cts/CMakeFiles/iree_async_platform_io_uring_cts_futex_tests.dir/__/__/__/cts/util/test_main.cc.o
[161/1523] Building CXX object runtime/src/iree/async/platform/io_uring/cts/CMakeFiles/iree_async_platform_io_uring_cts_socket_tests.dir/__/__/__/cts/util/test_main.cc.o
[162/1523] Building CXX object runtime/src/iree/async/cts/sync/CMakeFiles/iree_async_cts_sync_relay_posix_test.objects.dir/relay_posix_test.cc.o
[163/1523] Building CXX object runtime/src/iree/async/platform/io_uring/cts/CMakeFiles/iree_async_platform_io_uring_cts_sync_notification_tests.dir/__/__/__/cts/util/test_main.cc.o
[164/1523] Building CXX object runtime/src/iree/async/platform/io_uring/CMakeFiles/iree_async_platform_io_uring_sparse_table_test.dir/sparse_table_test.cc.o
[165/1523] Building CXX object runtime/src/iree/async/cts/sync/CMakeFiles/iree_async_cts_sync_signal_test.objects.dir/signal_test.cc.o
[166/1523] Building CXX object runtime/src/iree/async/platform/io_uring/cts/CMakeFiles/iree_async_platform_io_uring_cts_sync_shared_notification_tests.dir/__/__/__/cts/util/test_main.cc.o
[167/1523] Building CXX object runtime/src/iree/async/platform/io_uring/cts/CMakeFiles/iree_async_platform_io_uring_cts_sync_platform_tests.dir/__/__/__/cts/util/test_main.cc.o
[168/1523] Building CXX object runtime/src/iree/async/cts/sync/CMakeFiles/iree_async_cts_sync_semaphore_sync_test.objects.dir/semaphore_sync_test.cc.o
[169/1523] Building C object runtime/src/iree/async/platform/js/CMakeFiles/iree_async_platform_js_token_table.objects.dir/token_table.c.o
[170/1523] Building CXX object runtime/src/iree/async/platform/io_uring/cts/CMakeFiles/iree_async_platform_io_uring_cts_sync_relay_tests.dir/__/__/__/cts/util/test_main.cc.o
[171/1523] Building CXX object runtime/src/iree/async/cts/sync/CMakeFiles/iree_async_cts_sync_semaphore_async_test.objects.dir/semaphore_async_test.cc.o
[172/1523] Building C object runtime/src/iree/async/platform/js/CMakeFiles/iree_async_platform_js_proactor.objects.dir/proactor.c.o
[173/1523] Building C object runtime/src/iree/async/platform/linux/CMakeFiles/iree_async_platform_linux_signal.objects.dir/signal.c.o
[174/1523] Building C object runtime/src/iree/async/platform/posix/CMakeFiles/iree_async_platform_posix_posix.objects.dir/event_set_epoll.c.o
[175/1523] Building C object runtime/src/iree/async/platform/posix/CMakeFiles/iree_async_platform_posix_posix.objects.dir/event_set_kqueue.c.o
[176/1523] Building CXX object runtime/src/iree/async/platform/io_uring/cts/CMakeFiles/iree_async_platform_io_uring_cts_sync_semaphore_tests.dir/__/__/__/cts/util/test_main.cc.o
[177/1523] Building C object runtime/src/iree/async/platform/posix/CMakeFiles/iree_async_platform_posix_posix.objects.dir/event_set_poll.c.o
[178/1523] Building C object runtime/src/iree/async/platform/posix/CMakeFiles/iree_async_platform_posix_posix.objects.dir/fd_map.c.o
[179/1523] Building C object runtime/src/iree/async/platform/posix/CMakeFiles/iree_async_platform_posix_posix.objects.dir/fence.c.o
[180/1523] Building C object runtime/src/iree/async/platform/posix/CMakeFiles/iree_async_platform_posix_posix.objects.dir/poll_set.c.o
[181/1523] Building CXX object runtime/src/iree/async/platform/io_uring/cts/CMakeFiles/iree_async_platform_io_uring_cts_buffer_benchmarks.dir/__/__/__/cts/util/benchmark_main.cc.o
[182/1523] Building CXX object runtime/src/iree/async/platform/io_uring/cts/CMakeFiles/iree_async_platform_io_uring_cts_core_benchmarks.dir/__/__/__/cts/util/benchmark_main.cc.o
[183/1523] Building CXX object runtime/src/iree/async/cts/sync/CMakeFiles/iree_async_cts_sync_semaphore_linked_test.objects.dir/semaphore_linked_test.cc.o
[184/1523] Building CXX object runtime/src/iree/async/platform/io_uring/cts/CMakeFiles/iree_async_platform_io_uring_cts_event_benchmarks.dir/__/__/__/cts/util/benchmark_main.cc.o
[185/1523] Building C object runtime/src/iree/async/platform/posix/CMakeFiles/iree_async_platform_posix_posix.objects.dir/signal.c.o
[186/1523] Building CXX object runtime/src/iree/async/platform/io_uring/cts/CMakeFiles/iree_async_platform_io_uring_cts_socket_benchmarks.dir/__/__/__/cts/util/benchmark_main.cc.o
[187/1523] Building CXX object runtime/src/iree/async/platform/io_uring/cts/CMakeFiles/iree_async_platform_io_uring_cts_sync_benchmarks.dir/__/__/__/cts/util/benchmark_main.cc.o
[188/1523] Building C object runtime/src/iree/async/platform/posix/CMakeFiles/iree_async_platform_posix_posix.objects.dir/relay.c.o
[189/1523] Building C object runtime/src/iree/async/platform/posix/CMakeFiles/iree_async_platform_posix_posix.objects.dir/socket.c.o
[190/1523] Building CXX object runtime/src/iree/async/platform/io_uring/cts/CMakeFiles/iree_async_platform_io_uring_cts_futex_benchmarks.dir/__/__/__/cts/util/benchmark_main.cc.o
[191/1523] Building C object runtime/src/iree/async/platform/posix/CMakeFiles/iree_async_platform_posix_posix.objects.dir/wake.c.o
[192/1523] Building C object runtime/src/iree/async/platform/posix/CMakeFiles/iree_async_platform_posix_posix.objects.dir/worker.c.o
[193/1523] Building C object runtime/src/iree/async/platform/posix/CMakeFiles/iree_async_platform_posix_timer_list.objects.dir/timer_list.c.o
[194/1523] Building CXX object runtime/src/iree/async/platform/io_uring/CMakeFiles/iree_async_platform_io_uring_uring_test.dir/uring_test.cc.o
[195/1523] Building C object runtime/src/iree/async/platform/posix/CMakeFiles/iree_async_platform_posix_posix.objects.dir/proactor.c.o
[196/1523] Building CXX object runtime/src/iree/async/platform/posix/cts/CMakeFiles/iree_async_platform_posix_cts_buffer_tests.dir/__/__/__/cts/util/test_main.cc.o
[197/1523] Building CXX object runtime/src/iree/async/platform/posix/cts/CMakeFiles/iree_async_platform_posix_cts_sync_notification_tests.dir/__/__/__/cts/util/test_main.cc.o
[198/1523] Building CXX object runtime/src/iree/async/platform/posix/cts/CMakeFiles/iree_async_platform_posix_cts_backends.objects.dir/backends.cc.o
[199/1523] Building CXX object runtime/src/iree/async/platform/posix/cts/CMakeFiles/iree_async_platform_posix_cts_core_tests.dir/__/__/__/cts/util/test_main.cc.o
[200/1523] Building CXX object runtime/src/iree/async/platform/posix/cts/CMakeFiles/iree_async_platform_posix_cts_sync_platform_tests.dir/__/__/__/cts/util/test_main.cc.o
[201/1523] Building CXX object runtime/src/iree/async/platform/posix/cts/CMakeFiles/iree_async_platform_posix_cts_sync_shared_notification_tests.dir/__/__/__/cts/util/test_main.cc.o
[202/1523] Building CXX object runtime/src/iree/async/platform/posix/cts/CMakeFiles/iree_async_platform_posix_cts_futex_tests.dir/__/__/__/cts/util/test_main.cc.o
[203/1523] Building CXX object runtime/src/iree/async/platform/posix/cts/CMakeFiles/iree_async_platform_posix_cts_file_tests.dir/__/__/__/cts/util/test_main.cc.o
[204/1523] Building CXX object runtime/src/iree/async/platform/posix/cts/CMakeFiles/iree_async_platform_posix_cts_event_tests.dir/__/__/__/cts/util/test_main.cc.o
[205/1523] Building CXX object runtime/src/iree/async/platform/posix/cts/CMakeFiles/iree_async_platform_posix_cts_sync_relay_tests.dir/__/__/__/cts/util/test_main.cc.o
[206/1523] Building CXX object runtime/src/iree/async/platform/posix/cts/CMakeFiles/iree_async_platform_posix_cts_socket_tests.dir/__/__/__/cts/util/test_main.cc.o
[207/1523] Building CXX object runtime/src/iree/async/platform/posix/cts/CMakeFiles/iree_async_platform_posix_cts_buffer_benchmarks.dir/__/__/__/cts/util/benchmark_main.cc.o
[208/1523] Building CXX object runtime/src/iree/async/platform/posix/cts/CMakeFiles/iree_async_platform_posix_cts_sync_semaphore_tests.dir/__/__/__/cts/util/test_main.cc.o
[209/1523] Building CXX object runtime/src/iree/async/platform/posix/cts/CMakeFiles/iree_async_platform_posix_cts_core_benchmarks.dir/__/__/__/cts/util/benchmark_main.cc.o
[210/1523] Building CXX object runtime/src/iree/async/platform/js/CMakeFiles/iree_async_platform_js_token_table_test.dir/token_table_test.cc.o
[211/1523] Building CXX object runtime/src/iree/async/platform/posix/CMakeFiles/iree_async_platform_posix_timer_list_test.dir/timer_list_test.cc.o
[212/1523] Building C object runtime/src/iree/async/util/CMakeFiles/iree_async_util_completion_pool.objects.dir/completion_pool.c.o
[213/1523] Building C object runtime/src/iree/async/util/CMakeFiles/iree_async_util_continuation.objects.dir/continuation.c.o
[214/1523] Building C object runtime/src/iree/async/util/CMakeFiles/iree_async_util_message_pool.objects.dir/message_pool.c.o
[215/1523] Building CXX object runtime/src/iree/async/platform/posix/cts/CMakeFiles/iree_async_platform_posix_cts_event_benchmarks.dir/__/__/__/cts/util/benchmark_main.cc.o
[216/1523] Building C object runtime/src/iree/async/util/CMakeFiles/iree_async_util_operation_pool.objects.dir/operation_pool.c.o
[217/1523] Building C object runtime/src/iree/async/util/CMakeFiles/iree_async_util_proactor_pool.objects.dir/proactor_pool.c.o
[218/1523] Building C object runtime/src/iree/async/util/CMakeFiles/iree_async_util_proactor_thread_runner.objects.dir/proactor_thread_runner.c.o
[219/1523] Building C object runtime/src/iree/async/util/CMakeFiles/iree_async_util_proactor_thread.objects.dir/proactor_thread.c.o
[220/1523] Building CXX object runtime/src/iree/async/platform/js/CMakeFiles/iree_async_platform_js_proactor_test.dir/proactor_test.cc.o
[221/1523] Building C object runtime/src/iree/async/util/CMakeFiles/iree_async_util_ready_pool.objects.dir/ready_pool.c.o
[222/1523] Building C object runtime/src/iree/async/util/CMakeFiles/iree_async_util_sequence_emulation.objects.dir/sequence_emulation.c.o
[223/1523] Building C object runtime/src/iree/async/util/CMakeFiles/iree_async_util_signal.objects.dir/signal.c.o
[224/1523] Building CXX object runtime/src/iree/async/platform/posix/cts/CMakeFiles/iree_async_platform_posix_cts_futex_benchmarks.dir/__/__/__/cts/util/benchmark_main.cc.o
[225/1523] Building C object runtime/src/iree/base/CMakeFiles/iree_base_base.objects.dir/bitfield.c.o
[226/1523] Building C object runtime/src/iree/base/CMakeFiles/iree_base_base.objects.dir/allocator.c.o
[227/1523] Building C object runtime/src/iree/base/CMakeFiles/iree_base_base.objects.dir/bitmap.c.o
[228/1523] Building CXX object runtime/src/iree/async/platform/posix/cts/CMakeFiles/iree_async_platform_posix_cts_socket_benchmarks.dir/__/__/__/cts/util/benchmark_main.cc.o
[229/1523] Building C object runtime/src/iree/base/CMakeFiles/iree_base_base.objects.dir/status_stack_trace.c.o
[230/1523] Building CXX object runtime/src/iree/async/platform/posix/cts/CMakeFiles/iree_async_platform_posix_cts_sync_benchmarks.dir/__/__/__/cts/util/benchmark_main.cc.o
[231/1523] Building C object runtime/src/iree/base/CMakeFiles/iree_base_base.objects.dir/string_builder.c.o
[232/1523] Building C object runtime/src/iree/base/CMakeFiles/iree_base_base.objects.dir/status.c.o
[233/1523] Building C object runtime/src/iree/base/CMakeFiles/iree_base_base.objects.dir/wait_source.c.o
[234/1523] Building C object runtime/src/iree/base/CMakeFiles/iree_base_base.objects.dir/time.c.o
[235/1523] Building C object runtime/src/iree/base/CMakeFiles/iree_base_base.objects.dir/allocator_libc.c.o
[236/1523] Building C object runtime/src/iree/base/CMakeFiles/iree_base_base.objects.dir/printf.c.o
[237/1523] Building C object runtime/src/iree/base/CMakeFiles/iree_base_base.objects.dir/string_view.c.o
[238/1523] Building C object runtime/src/iree/base/internal/CMakeFiles/iree_base_internal_base64.objects.dir/base64.c.o
[239/1523] Building CXX object runtime/src/iree/base/CMakeFiles/iree_base_bitmap_benchmark.dir/bitmap_benchmark.cc.o
[240/1523] Building C object runtime/src/iree/base/internal/CMakeFiles/iree_base_internal_atomic_slist.objects.dir/atomic_slist.c.o
[241/1523] Building C object runtime/src/iree/base/internal/CMakeFiles/iree_base_internal_arena.objects.dir/arena.c.o
[242/1523] Building CXX object runtime/src/iree/async/util/CMakeFiles/iree_async_util_continuation_test.dir/continuation_test.cc.o
[243/1523] Building CXX object runtime/src/iree/base/internal/CMakeFiles/iree_base_internal_base64_benchmark.dir/base64_benchmark.cc.o
[244/1523] Building C object runtime/src/iree/base/internal/CMakeFiles/iree_base_internal_cpu.objects.dir/cpu.c.o
[245/1523] Building C object runtime/src/iree/base/internal/CMakeFiles/iree_base_internal_csprng.objects.dir/csprng.c.o
[246/1523] Building CXX object runtime/src/iree/async/util/CMakeFiles/iree_async_util_proactor_pool_test.dir/proactor_pool_test.cc.o
[247/1523] Building CXX object runtime/src/iree/base/internal/CMakeFiles/iree_base_internal_atomics_test.dir/atomics_test.cc.o
[248/1523] Building C object runtime/src/iree/base/internal/CMakeFiles/iree_base_internal_dynamic_library.objects.dir/dynamic_library_posix.c.o
[249/1523] Building C object runtime/src/iree/base/internal/CMakeFiles/iree_base_internal_dynamic_library.objects.dir/dynamic_library_win32.c.o
[250/1523] Building CXX object runtime/src/iree/async/util/CMakeFiles/iree_async_util_operation_pool_test.dir/operation_pool_test.cc.o
[251/1523] Building CXX object runtime/src/iree/base/internal/CMakeFiles/iree_base_internal_atomic_slist_benchmark.dir/atomic_slist_benchmark.cc.o
[252/1523] Building C object runtime/src/iree/base/internal/CMakeFiles/iree_base_internal_fpu_state.objects.dir/fpu_state.c.o
[253/1523] Building CXX object runtime/src/iree/base/CMakeFiles/iree_base_bitfield_test.dir/bitfield_test.cc.o
[254/1523] Building CXX object runtime/src/iree/base/internal/CMakeFiles/iree_base_internal_atomic_freelist_benchmark.dir/atomic_freelist_benchmark.cc.o
[255/1523] Building CXX object runtime/src/iree/base/internal/CMakeFiles/iree_base_internal_fpu_state_benchmark.dir/fpu_state_benchmark.cc.o
[256/1523] Building C object runtime/src/iree/base/internal/CMakeFiles/iree_base_internal_memory.objects.dir/memory.c.o
[257/1523] Building CXX object runtime/src/iree/base/internal/CMakeFiles/iree_base_internal_atomic_slist_test.dir/atomic_slist_test.cc.o
[258/1523] Building C object runtime/src/iree/base/internal/CMakeFiles/iree_base_internal_json.objects.dir/json.c.o
[259/1523] Building C object runtime/src/iree/base/internal/CMakeFiles/iree_base_internal_path.objects.dir/path.c.o
[260/1523] Building C object runtime/src/iree/base/internal/CMakeFiles/iree_base_internal_shm.objects.dir/shm_win32.c.o
[261/1523] Building CXX object runtime/src/iree/base/internal/CMakeFiles/iree_base_internal_csprng_test.dir/csprng_test.cc.o
[262/1523] Building C object runtime/src/iree/base/internal/CMakeFiles/iree_base_internal_shm.objects.dir/shm_posix.c.o
[263/1523] Building CXX object runtime/src/iree/base/CMakeFiles/iree_base_bitmap_test.dir/bitmap_test.cc.o
[264/1523] Building CXX object runtime/src/iree/base/internal/CMakeFiles/iree_base_internal_fpu_state_test.dir/fpu_state_test.cc.o
[265/1523] Building CXX object runtime/src/iree/base/CMakeFiles/iree_base_string_builder_test.dir/string_builder_test.cc.o
[266/1523] Building CXX object runtime/src/iree/base/CMakeFiles/iree_base_status_test.dir/status_test.cc.o
[267/1523] Building CXX object runtime/src/iree/base/internal/CMakeFiles/iree_base_internal_arena_test.dir/arena_test.cc.o
[268/1523] Building CXX object runtime/src/iree/base/internal/CMakeFiles/iree_base_internal_base64_test.dir/base64_test.cc.o
[269/1523] Building C object runtime/src/iree/base/internal/CMakeFiles/iree_base_internal_spsc_queue.objects.dir/spsc_queue.c.o
[270/1523] Building CXX object runtime/src/iree/base/CMakeFiles/iree_base_allocator_test.dir/allocator_test.cc.o
[271/1523] Building C object runtime/src/iree/base/internal/CMakeFiles/iree_base_internal_mpsc_queue.objects.dir/mpsc_queue.c.o
[272/1523] Generating dummy_reader.h, dummy_builder.h, dummy_verifier.h, dummy_json_printer.h, dummy_json_parser.h
[273/1523] Building C object runtime/src/iree/base/internal/CMakeFiles/iree_base_internal_time.objects.dir/time.c.o
[274/1523] Building C object runtime/src/iree/base/internal/CMakeFiles/iree_base_internal_sysfs.objects.dir/sysfs.c.o
[275/1523] Linking C static library runtime/src/iree/base/internal/libiree_base_internal_time.a
[276/1523] Linking C static library runtime/src/iree/base/libiree_base_base.a
[277/1523] Linking C static library runtime/src/iree/async/platform/io_uring/libiree_async_platform_io_uring_uring.a
[278/1523] Building C object runtime/src/iree/base/internal/CMakeFiles/iree_base_internal_unicode.objects.dir/unicode_tables.c.o
[279/1523] Linking C static library runtime/src/iree/base/internal/libiree_base_internal_base64.a
[280/1523] Linking C static library runtime/src/iree/base/internal/libiree_base_internal_cpu.a
[281/1523] Linking C static library runtime/src/iree/base/internal/libiree_base_internal_csprng.a
[282/1523] Building CXX object runtime/src/iree/base/internal/CMakeFiles/iree_base_internal_atomic_freelist_test.dir/atomic_freelist_test.cc.o
[283/1523] Linking C executable tools/iree-cpuinfo
[284/1523] Linking C static library runtime/src/iree/base/internal/libiree_base_internal_memory.a
[285/1523] Linking C static library runtime/src/iree/base/internal/libiree_base_internal_fpu_state.a
[286/1523] Linking C static library runtime/src/iree/base/internal/libiree_base_internal_path.a
[287/1523] Building CXX object runtime/src/iree/base/testing/CMakeFiles/iree_base_testing_dynamic_library_test_library.so.objects.dir/dynamic_library_test_library.cc.o
[288/1523] Linking C static library runtime/src/iree/async/platform/io_uring/libiree_async_platform_io_uring_buffer_ring.a
[289/1523] Building CXX object runtime/src/iree/base/internal/CMakeFiles/iree_base_internal_memory_test.dir/memory_test.cc.o
[290/1523] Linking C static library runtime/src/iree/base/internal/libiree_base_internal_spsc_queue.a
[291/1523] Linking C static library runtime/src/iree/base/internal/libiree_base_internal_mpsc_queue.a
[292/1523] Linking C static library runtime/src/iree/base/internal/libiree_base_internal_sysfs.a
[293/1523] Linking CXX shared library runtime/src/iree/base/testing/libiree_base_testing_dynamic_library_test_library.so.so
[294/1523] Generating dynamic_library_test_library_embed.h, dynamic_library_test_library_embed.c
[295/1523] Building C object runtime/src/iree/base/internal/CMakeFiles/iree_base_internal_unicode.objects.dir/unicode.c.o
[296/1523] Building CXX object runtime/src/iree/base/internal/CMakeFiles/iree_base_internal_prng_test.dir/prng_test.cc.o
[297/1523] Linking C static library runtime/src/iree/base/internal/libiree_base_internal_unicode.a
[298/1523] Linking C static library runtime/src/iree/base/internal/libiree_base_internal_json.a
[299/1523] Building C object runtime/src/iree/base/threading/CMakeFiles/iree_base_threading_threading.objects.dir/affinity.c.o
[300/1523] Building CXX object runtime/src/iree/base/internal/CMakeFiles/iree_base_internal_spsc_queue_benchmark.dir/spsc_queue_benchmark.cc.o
[301/1523] Building C object runtime/src/iree/base/threading/CMakeFiles/iree_base_threading_threading.objects.dir/numa_fallback.c.o
[302/1523] Building C object runtime/src/iree/base/threading/CMakeFiles/iree_base_threading_threading.objects.dir/notification.c.o
[303/1523] Building C object runtime/src/iree/base/threading/CMakeFiles/iree_base_threading_threading.objects.dir/mutex.c.o
[304/1523] Building C object runtime/src/iree/base/threading/CMakeFiles/iree_base_threading_threading.objects.dir/numa_linux.c.o
[305/1523] Building C object runtime/src/iree/base/threading/CMakeFiles/iree_base_threading_threading.objects.dir/numa_win32.c.o
[306/1523] Building C object runtime/src/iree/base/testing/CMakeFiles/iree_base_testing_dynamic_library_test_library.objects.dir/dynamic_library_test_library_embed.c.o
[307/1523] Linking C static library runtime/src/iree/base/testing/libiree_base_testing_dynamic_library_test_library.a
[308/1523] Building C object runtime/src/iree/base/threading/CMakeFiles/iree_base_threading_threading.objects.dir/wait_address.c.o
[309/1523] Linking C static library runtime/src/iree/base/threading/libiree_base_threading_threading.a
[310/1523] Linking C static library runtime/src/iree/async/libiree_async_async.a
[311/1523] Linking C static library runtime/src/iree/async/libiree_async_event_pool.a
[312/1523] Linking CXX static library runtime/src/iree/async/cts/util/libiree_async_cts_util_registry.a
[313/1523] Building C object runtime/src/iree/base/threading/CMakeFiles/iree_base_threading_thread.objects.dir/thread.c.o
[314/1523] Linking C static library runtime/src/iree/async/platform/io_uring/libiree_async_platform_io_uring_sparse_table.a
[315/1523] Linking C static library runtime/src/iree/async/platform/js/libiree_async_platform_js_token_table.a
[316/1523] Linking C static library runtime/src/iree/async/platform/posix/libiree_async_platform_posix_timer_list.a
[317/1523] Linking C static library runtime/src/iree/async/util/libiree_async_util_continuation.a
[318/1523] Linking C static library runtime/src/iree/async/util/libiree_async_util_sequence_emulation.a
[319/1523] Linking C static library runtime/src/iree/async/util/libiree_async_util_signal.a
[320/1523] Linking C static library runtime/src/iree/async/platform/js/libiree_async_platform_js_proactor.a
[321/1523] Linking C static library runtime/src/iree/async/platform/linux/libiree_async_platform_linux_signal.a
[322/1523] Linking C static library runtime/src/iree/base/internal/libiree_base_internal_atomic_slist.a
[323/1523] Linking C static library runtime/src/iree/base/internal/libiree_base_internal_dynamic_library.a
[324/1523] Building C object runtime/src/iree/base/threading/CMakeFiles/iree_base_threading_thread.objects.dir/thread_darwin.c.o
[325/1523] Linking C static library runtime/src/iree/async/util/libiree_async_util_completion_pool.a
[326/1523] Linking C static library runtime/src/iree/async/util/libiree_async_util_message_pool.a
[327/1523] Building C object runtime/src/iree/base/threading/CMakeFiles/iree_base_threading_thread.objects.dir/thread_win32.c.o
[328/1523] Linking C static library runtime/src/iree/async/util/libiree_async_util_ready_pool.a
[329/1523] Linking C static library runtime/src/iree/async/util/libiree_async_util_operation_pool.a
[330/1523] Linking C static library runtime/src/iree/base/internal/libiree_base_internal_arena.a
[331/1523] Linking C static library runtime/src/iree/base/internal/libiree_base_internal_shm.a
[332/1523] Linking C static library runtime/src/iree/async/platform/io_uring/libiree_async_platform_io_uring_io_uring.a
[333/1523] Building C object runtime/src/iree/base/threading/CMakeFiles/iree_base_threading_thread.objects.dir/thread_pthreads.c.o
[334/1523] Linking CXX executable runtime/src/iree/async/platform/io_uring/cts/buffer_tests
[335/1523] Linking CXX executable runtime/src/iree/async/platform/io_uring/cts/core_tests
[336/1523] Building CXX object runtime/src/iree/base/internal/CMakeFiles/iree_base_internal_math_test.dir/math_test.cc.o
[337/1523] Linking CXX executable runtime/src/iree/async/platform/io_uring/cts/event_tests
[338/1523] Linking CXX executable runtime/src/iree/async/platform/io_uring/cts/sync_platform_tests
[339/1523] Linking CXX executable runtime/src/iree/async/platform/io_uring/cts/sync_relay_tests
[340/1523] Linking CXX executable runtime/src/iree/async/platform/io_uring/cts/socket_tests
[341/1523] Linking CXX executable runtime/src/iree/async/platform/io_uring/cts/buffer_benchmarks
[342/1523] Building CXX object runtime/src/iree/base/internal/CMakeFiles/iree_base_internal_sysfs_test.dir/sysfs_test.cc.o
[343/1523] Linking CXX executable runtime/src/iree/async/platform/io_uring/cts/core_benchmarks
[344/1523] Linking CXX executable runtime/src/iree/async/platform/io_uring/cts/event_benchmarks
[345/1523] Linking CXX executable runtime/src/iree/async/platform/io_uring/cts/futex_benchmarks
[346/1523] Linking CXX executable runtime/src/iree/async/platform/io_uring/cts/socket_benchmarks
[347/1523] Linking C static library runtime/src/iree/base/threading/libiree_base_threading_thread.a
[348/1523] Linking CXX executable runtime/src/iree/async/platform/io_uring/cts/sync_benchmarks
[349/1523] Linking CXX executable runtime/src/iree/async/platform/io_uring/cts/sync_notification_tests
[350/1523] Linking CXX executable runtime/src/iree/async/platform/io_uring/cts/futex_tests
[351/1523] Building CXX object runtime/src/iree/base/internal/CMakeFiles/iree_base_internal_path_test.dir/path_test.cc.o
[352/1523] Linking C static library runtime/src/iree/async/platform/posix/libiree_async_platform_posix_posix.a
[353/1523] Linking C static library runtime/src/iree/async/libiree_async_platform.a
[354/1523] Linking CXX executable runtime/src/iree/async/platform/io_uring/cts/sync_semaphore_tests
[355/1523] Linking CXX executable runtime/src/iree/async/platform/io_uring/cts/sync_shared_notification_tests
[356/1523] Building CXX object runtime/src/iree/base/threading/CMakeFiles/iree_base_threading_call_once_test.dir/call_once_test.cc.o
[357/1523] Linking CXX executable runtime/src/iree/async/platform/posix/cts/event_tests
[358/1523] Linking CXX executable runtime/src/iree/async/platform/posix/cts/buffer_tests
[359/1523] Linking CXX executable runtime/src/iree/async/platform/posix/cts/futex_tests
[360/1523] Linking CXX executable runtime/src/iree/async/platform/posix/cts/core_tests
[361/1523] Building CXX object runtime/src/iree/base/threading/CMakeFiles/iree_base_threading_futex_test.dir/futex_test.cc.o
[362/1523] Building CXX object runtime/src/iree/base/internal/CMakeFiles/iree_base_internal_shm_test.dir/shm_test.cc.o
[363/1523] Linking CXX executable runtime/src/iree/async/platform/posix/cts/sync_relay_tests
[364/1523] Linking CXX executable runtime/src/iree/async/platform/posix/cts/sync_notification_tests
[365/1523] Linking CXX executable runtime/src/iree/async/platform/posix/cts/sync_semaphore_tests
[366/1523] Linking CXX executable runtime/src/iree/async/platform/posix/cts/sync_shared_notification_tests
[367/1523] Linking CXX executable runtime/src/iree/async/platform/posix/cts/sync_platform_tests
[368/1523] Linking CXX executable runtime/src/iree/async/platform/posix/cts/futex_benchmarks
[369/1523] Linking CXX executable runtime/src/iree/async/platform/posix/cts/socket_tests
[370/1523] Building CXX object runtime/src/iree/base/threading/CMakeFiles/iree_base_threading_mutex_test.dir/mutex_test.cc.o
[371/1523] Linking CXX executable runtime/src/iree/async/platform/posix/cts/buffer_benchmarks
[372/1523] Linking C static library runtime/src/iree/async/util/libiree_async_util_proactor_thread.a
[373/1523] Building CXX object runtime/src/iree/base/threading/CMakeFiles/iree_base_threading_mutex_benchmark.dir/mutex_benchmark.cc.o
[374/1523] Linking C static library runtime/src/iree/async/util/libiree_async_util_proactor_thread_runner.a
[375/1523] Linking C static library runtime/src/iree/async/util/libiree_async_util_proactor_pool.a
[376/1523] Linking CXX executable runtime/src/iree/async/platform/posix/cts/socket_benchmarks
[377/1523] Linking CXX executable runtime/src/iree/async/platform/posix/cts/event_benchmarks
[378/1523] Building CXX object runtime/src/iree/base/testing/CMakeFiles/iree_base_testing_dynamic_library_test.dir/dynamic_library_test.cc.o
[379/1523] Linking CXX executable runtime/src/iree/async/platform/posix/cts/core_benchmarks
[380/1523] Generating libmusl.h, libmusl.c
[381/1523] Linking CXX executable runtime/src/iree/async/platform/posix/cts/sync_benchmarks
[382/1523] Building CXX object runtime/src/iree/base/internal/CMakeFiles/iree_base_internal_spsc_queue_test.dir/spsc_queue_test.cc.o
[383/1523] Building C object runtime/src/iree/builtins/device/CMakeFiles/iree_builtins_device_device.objects.dir/device_generic.c.o
[384/1523] Building C object runtime/src/iree/base/tooling/CMakeFiles/iree_base_tooling_flags_demo.dir/flags_demo.c.o
[385/1523] Linking C static library runtime/src/iree/builtins/device/libiree_builtins_device_device.a
[386/1523] Building C object runtime/src/iree/builtins/device/tools/CMakeFiles/iree_builtins_device_tools_libdevice_benchmark.dir/libdevice_benchmark.c.o
[387/1523] Building C object runtime/src/iree/base/tooling/CMakeFiles/iree_base_tooling_flags.objects.dir/flags.c.o
[388/1523] Building C object runtime/src/iree/builtins/ukernel/CMakeFiles/iree_builtins_ukernel_fallback.objects.dir/fallback.c.o
[389/1523] Building C object runtime/src/iree/builtins/musl/bin/CMakeFiles/iree_builtins_musl_bin_libmusl.objects.dir/libmusl.c.o
[390/1523] Building CXX object runtime/src/iree/base/threading/CMakeFiles/iree_base_threading_wait_address_test.dir/wait_address_test.cc.o
[391/1523] Linking C static library runtime/src/iree/builtins/ukernel/libiree_builtins_ukernel_fallback.a
[392/1523] Linking C static library runtime/src/iree/builtins/musl/bin/libiree_builtins_musl_bin_libmusl.a
[393/1523] Building CXX object runtime/src/iree/base/threading/CMakeFiles/iree_base_threading_notification_test.dir/notification_test.cc.o
[394/1523] Building C object runtime/src/iree/builtins/ukernel/CMakeFiles/iree_builtins_ukernel_ukernel.objects.dir/conv_nchwc.c.o
[395/1523] Building CXX object runtime/src/iree/base/threading/CMakeFiles/iree_base_threading_numa_test.dir/numa_test.cc.o
[396/1523] Building CXX object runtime/src/iree/base/threading/CMakeFiles/iree_base_threading_notification_benchmark.dir/notification_benchmark.cc.o
[397/1523] Building C object runtime/src/iree/builtins/ukernel/CMakeFiles/iree_builtins_ukernel_ukernel.objects.dir/conv_nchwc_tile_generic.c.o
[398/1523] Building CXX object runtime/src/iree/base/threading/CMakeFiles/iree_base_threading_thread_benchmark.dir/thread_benchmark.cc.o
[399/1523] Building C object runtime/src/iree/builtins/ukernel/CMakeFiles/iree_builtins_ukernel_ukernel.objects.dir/pack_tile.c.o
[400/1523] Building C object runtime/src/iree/builtins/ukernel/CMakeFiles/iree_builtins_ukernel_ukernel.objects.dir/mmt4d.c.o
[401/1523] Building CXX object runtime/src/iree/base/threading/CMakeFiles/iree_base_threading_thread_test.dir/thread_test.cc.o
[402/1523] Building C object runtime/src/iree/builtins/ukernel/CMakeFiles/iree_builtins_ukernel_ukernel.objects.dir/query_tile_sizes.c.o
[403/1523] Building C object runtime/src/iree/builtins/ukernel/CMakeFiles/iree_builtins_ukernel_ukernel.objects.dir/pack.c.o
[404/1523] Building C object runtime/src/iree/builtins/ukernel/CMakeFiles/iree_builtins_ukernel_ukernel.objects.dir/unpack_tile.c.o
[405/1523] Building C object runtime/src/iree/builtins/ukernel/CMakeFiles/iree_builtins_ukernel_ukernel.objects.dir/unpack.c.o
[406/1523] Building CXX object runtime/src/iree/base/internal/CMakeFiles/iree_base_internal_mpsc_queue_test.dir/mpsc_queue_test.cc.o
[407/1523] Building C object runtime/src/iree/builtins/ukernel/CMakeFiles/iree_builtins_ukernel_ukernel.objects.dir/mmt4d_tile_generic.c.o
[408/1523] Linking C static library runtime/src/iree/builtins/ukernel/libiree_builtins_ukernel_ukernel.a
[409/1523] Building C object runtime/src/iree/builtins/ukernel/tools/CMakeFiles/iree_builtins_ukernel_tools_util.objects.dir/util.c.o
[410/1523] Linking C static library runtime/src/iree/builtins/ukernel/tools/libiree_builtins_ukernel_tools_util.a
[411/1523] Building C object runtime/src/iree/builtins/ukernel/tools/CMakeFiles/iree_builtins_ukernel_tools_test.objects.dir/test.c.o
[412/1523] Linking C static library runtime/src/iree/builtins/ukernel/tools/libiree_builtins_ukernel_tools_test.a
[413/1523] Building C object runtime/src/iree/builtins/ukernel/tools/CMakeFiles/iree_builtins_ukernel_tools_util_test.dir/util_test.c.o
[414/1523] Linking C executable runtime/src/iree/builtins/ukernel/tools/util_test
[415/1523] Building C object runtime/src/iree/builtins/ukernel/tools/CMakeFiles/iree_builtins_ukernel_tools_memcpy_benchmark.objects.dir/memcpy_benchmark.c.o
[416/1523] Building C object runtime/src/iree/builtins/ukernel/tools/CMakeFiles/iree_builtins_ukernel_tools_benchmark.objects.dir/benchmark.c.o
[417/1523] Building C object runtime/src/iree/builtins/ukernel/tools/CMakeFiles/iree_builtins_ukernel_tools_mmt4d_benchmark.dir/mmt4d_benchmark.c.o
[418/1523] Building C object runtime/src/iree/builtins/ukernel/tools/CMakeFiles/iree_builtins_ukernel_tools_pack_benchmark.dir/pack_benchmark.c.o
[419/1523] Building C object runtime/src/iree/builtins/ukernel/tools/CMakeFiles/iree_builtins_ukernel_tools_conv_nchwc_benchmark.dir/conv_nchwc_benchmark.c.o
[420/1523] Building C object runtime/src/iree/builtins/ukernel/tools/CMakeFiles/iree_builtins_ukernel_tools_conv_nchwc_test.dir/conv_nchwc_test.c.o
[421/1523] Linking C executable runtime/src/iree/builtins/ukernel/tools/conv_nchwc_test
[422/1523] Building CXX object runtime/src/iree/builtins/device/tools/CMakeFiles/iree_builtins_device_tools_libdevice_test.dir/libdevice_test.cc.o
[423/1523] Building C object runtime/src/iree/builtins/ukernel/tools/CMakeFiles/iree_builtins_ukernel_tools_pack_test.dir/pack_test.c.o
[424/1523] Building C object runtime/src/iree/builtins/ukernel/tools/CMakeFiles/iree_builtins_ukernel_tools_unpack_benchmark.dir/unpack_benchmark.c.o
[425/1523] Building C object runtime/src/iree/builtins/ukernel/tools/CMakeFiles/iree_builtins_ukernel_tools_unpack_test.dir/unpack_test.c.o
[426/1523] Building C object runtime/src/iree/builtins/ukernel/tools/CMakeFiles/iree_builtins_ukernel_tools_e2e_matmul_benchmark.dir/e2e_matmul_benchmark.c.o
[427/1523] Building CXX object runtime/src/iree/base/CMakeFiles/iree_base_string_view_test.dir/string_view_test.cc.o
[428/1523] Building C object runtime/src/iree/hal/CMakeFiles/iree_hal_hal.objects.dir/allocator.c.o
[429/1523] Building C object runtime/src/iree/hal/CMakeFiles/iree_hal_hal.objects.dir/allocator_heap.c.o
[430/1523] Building C object runtime/src/iree/builtins/ukernel/tools/CMakeFiles/iree_builtins_ukernel_tools_mmt4d_test.dir/mmt4d_test.c.o
[431/1523] Building C object runtime/src/iree/hal/CMakeFiles/iree_hal_hal.objects.dir/buffer_heap.c.o
[432/1523] Building C object runtime/src/iree/hal/CMakeFiles/iree_hal_hal.objects.dir/buffer_transfer.c.o
[433/1523] Building C object runtime/src/iree/hal/CMakeFiles/iree_hal_hal.objects.dir/buffer_view.c.o
[434/1523] Building C object runtime/src/iree/hal/CMakeFiles/iree_hal_hal.objects.dir/buffer.c.o
[435/1523] Building C object runtime/src/iree/hal/CMakeFiles/iree_hal_hal.objects.dir/channel_provider.c.o
[436/1523] Building C object runtime/src/iree/hal/CMakeFiles/iree_hal_hal.objects.dir/channel.c.o
[437/1523] Building C object runtime/src/iree/hal/CMakeFiles/iree_hal_hal.objects.dir/buffer_view_util.c.o
[438/1523] Building C object runtime/src/iree/hal/CMakeFiles/iree_hal_hal.objects.dir/command_buffer.c.o
[439/1523] Building C object runtime/src/iree/hal/CMakeFiles/iree_hal_hal.objects.dir/command_buffer_validation.c.o
[440/1523] Building C object runtime/src/iree/hal/CMakeFiles/iree_hal_hal.objects.dir/device.c.o
[441/1523] Building C object runtime/src/iree/hal/CMakeFiles/iree_hal_hal.objects.dir/device_group.c.o
[442/1523] Building C object runtime/src/iree/hal/CMakeFiles/iree_hal_hal.objects.dir/driver.c.o
[443/1523] Building C object runtime/src/iree/hal/CMakeFiles/iree_hal_hal.objects.dir/profile_options.c.o
[444/1523] Building C object runtime/src/iree/hal/CMakeFiles/iree_hal_hal.objects.dir/driver_registry.c.o
[445/1523] Building C object runtime/src/iree/hal/CMakeFiles/iree_hal_hal.objects.dir/event.c.o
[446/1523] Building C object runtime/src/iree/hal/CMakeFiles/iree_hal_hal.objects.dir/executable.c.o
[447/1523] Building C object runtime/src/iree/hal/CMakeFiles/iree_hal_hal.objects.dir/executable_cache.c.o
[448/1523] Building C object runtime/src/iree/hal/CMakeFiles/iree_hal_hal.objects.dir/fence.c.o
[449/1523] Building C object runtime/src/iree/hal/CMakeFiles/iree_hal_hal.objects.dir/pool_set.c.o
[450/1523] Building C object runtime/src/iree/hal/CMakeFiles/iree_hal_hal.objects.dir/file.c.o
[451/1523] Building C object runtime/src/iree/hal/CMakeFiles/iree_hal_hal.objects.dir/pool.c.o
[452/1523] Building C object runtime/src/iree/hal/CMakeFiles/iree_hal_hal.objects.dir/profile_metrics.c.o
[453/1523] Building C object runtime/src/iree/hal/CMakeFiles/iree_hal_hal.objects.dir/profile_sink.c.o
[454/1523] Building C object runtime/src/iree/hal/CMakeFiles/iree_hal_hal.objects.dir/topology.c.o
[455/1523] Building C object runtime/src/iree/hal/CMakeFiles/iree_hal_hal.objects.dir/semaphore.c.o
[456/1523] Building C object runtime/src/iree/hal/CMakeFiles/iree_hal_hal.objects.dir/topology_builder.c.o
[457/1523] Building C object runtime/src/iree/hal/CMakeFiles/iree_hal_hal.objects.dir/string_util.c.o
[458/1523] Building CXX object runtime/src/iree/hal/CMakeFiles/iree_hal_buffer_view_util_test.dir/buffer_view_util_test.cc.o
[459/1523] Building CXX object runtime/src/iree/hal/CMakeFiles/iree_hal_profile_metrics_test.dir/profile_metrics_test.cc.o
[460/1523] Building CXX object runtime/src/iree/hal/CMakeFiles/iree_hal_pool_test.dir/pool_test.cc.o
[461/1523] Building CXX object runtime/src/iree/base/internal/CMakeFiles/iree_base_internal_unicode_test.dir/unicode_test.cc.o
[462/1523] Building CXX object runtime/src/iree/hal/CMakeFiles/iree_hal_device_test.dir/device_test.cc.o
[463/1523] Building CXX object runtime/src/iree/hal/CMakeFiles/iree_hal_topology_builder_test.dir/topology_builder_test.cc.o
[464/1523] Building CXX object runtime/src/iree/hal/CMakeFiles/iree_hal_topology_test.dir/topology_test.cc.o
[465/1523] Building CXX object runtime/src/iree/hal/cts/command_buffer/CMakeFiles/iree_hal_cts_command_buffer_copy_buffer_test.objects.dir/copy_buffer_test.cc.o
[466/1523] Building CXX object runtime/src/iree/hal/CMakeFiles/iree_hal_device_group_test.dir/device_group_test.cc.o
[467/1523] Building CXX object runtime/src/iree/hal/cts/buffer/CMakeFiles/iree_hal_cts_buffer_allocator_test.objects.dir/allocator_test.cc.o
[468/1523] Building CXX object runtime/src/iree/hal/cts/command_buffer/CMakeFiles/iree_hal_cts_command_buffer_update_buffer_test.objects.dir/update_buffer_test.cc.o
[469/1523] Building CXX object runtime/src/iree/hal/cts/command_buffer/CMakeFiles/iree_hal_cts_command_buffer_dispatch_test.objects.dir/dispatch_test.cc.o
[470/1523] Building CXX object runtime/src/iree/hal/cts/command_buffer/CMakeFiles/iree_hal_cts_command_buffer_basic_test.objects.dir/basic_test.cc.o
[471/1523] Building CXX object runtime/src/iree/base/internal/CMakeFiles/iree_base_internal_json_test.dir/json_test.cc.o
[472/1523] Building CXX object runtime/src/iree/hal/cts/command_buffer/CMakeFiles/iree_hal_cts_command_buffer_fill_buffer_test.objects.dir/fill_buffer_test.cc.o
[473/1523] Building CXX object runtime/src/iree/hal/cts/command_buffer/CMakeFiles/iree_hal_cts_command_buffer_dispatch_constants_test.objects.dir/dispatch_constants_test.cc.o
[474/1523] Building CXX object runtime/src/iree/hal/cts/buffer/CMakeFiles/iree_hal_cts_buffer_mapping_test.objects.dir/mapping_test.cc.o
[475/1523] Building CXX object runtime/src/iree/hal/cts/command_buffer/CMakeFiles/iree_hal_cts_command_buffer_dispatch_constants_bindings_test.objects.dir/dispatch_constants_bindings_test.cc.o
[476/1523] Building CXX object runtime/src/iree/hal/cts/command_buffer/CMakeFiles/iree_hal_cts_command_buffer_dispatch_indirect_parameters_test.objects.dir/dispatch_indirect_parameters_test.cc.o
[477/1523] Building CXX object runtime/src/iree/hal/cts/command_buffer/CMakeFiles/iree_hal_cts_command_buffer_dispatch_multi_workgroup_test.objects.dir/dispatch_multi_workgroup_test.cc.o
[478/1523] Building CXX object runtime/src/iree/hal/cts/command_buffer/CMakeFiles/iree_hal_cts_command_buffer_dispatch_multi_entrypoint_test.objects.dir/dispatch_multi_entrypoint_test.cc.o
[479/1523] Building CXX object runtime/src/iree/hal/cts/command_buffer/CMakeFiles/iree_hal_cts_command_buffer_stress_test.objects.dir/stress_test.cc.o
[480/1523] Building CXX object runtime/src/iree/hal/cts/core/CMakeFiles/iree_hal_cts_core_semaphore_test.objects.dir/semaphore_test.cc.o
[481/1523] Building CXX object runtime/src/iree/hal/cts/command_buffer/CMakeFiles/iree_hal_cts_command_buffer_dispatch_pipeline_test.objects.dir/dispatch_pipeline_test.cc.o
[482/1523] Building CXX object runtime/src/iree/hal/cts/core/CMakeFiles/iree_hal_cts_core_event_test.objects.dir/event_test.cc.o
[483/1523] Building CXX object runtime/src/iree/hal/cts/core/CMakeFiles/iree_hal_cts_core_driver_test.objects.dir/driver_test.cc.o
[484/1523] Building C object runtime/src/iree/hal/drivers/local_sync/CMakeFiles/iree_hal_drivers_local_sync_sync_driver.objects.dir/sync_driver.c.o
[485/1523] Building CXX object runtime/src/iree/hal/cts/file/CMakeFiles/iree_hal_cts_file_file_test.objects.dir/file_test.cc.o
[486/1523] Building C object runtime/src/iree/hal/drivers/local_sync/CMakeFiles/iree_hal_drivers_local_sync_sync_driver.objects.dir/sync_device.c.o
[487/1523] Building C object runtime/src/iree/hal/drivers/local_sync/CMakeFiles/iree_hal_drivers_local_sync_sync_driver.objects.dir/sync_event.c.o
[488/1523] Building C object runtime/src/iree/hal/drivers/local_sync/CMakeFiles/iree_hal_drivers_local_sync_sync_driver.objects.dir/sync_semaphore.c.o
[489/1523] Building CXX object runtime/src/iree/hal/cts/command_buffer/CMakeFiles/iree_hal_cts_command_buffer_transient_buffer_test.objects.dir/transient_buffer_test.cc.o
[490/1523] Building CXX object runtime/src/iree/hal/cts/core/CMakeFiles/iree_hal_cts_core_executable_cache_test.objects.dir/executable_cache_test.cc.o
[491/1523] Building CXX object runtime/src/iree/hal/cts/core/CMakeFiles/iree_hal_cts_core_semaphore_thread_test.objects.dir/semaphore_thread_test.cc.o
[492/1523] Building CXX object runtime/src/iree/hal/cts/core/CMakeFiles/iree_hal_cts_core_executable_test.objects.dir/executable_test.cc.o
[493/1523] Building CXX object runtime/src/iree/hal/cts/util/CMakeFiles/iree_hal_cts_util_test_base.objects.dir/test_base.cc.o
[494/1523] Building CXX object runtime/src/iree/hal/cts/util/CMakeFiles/iree_hal_cts_util_registry.objects.dir/registry.cc.o
[495/1523] Building CXX object runtime/src/iree/hal/cts/command_buffer/CMakeFiles/iree_hal_cts_command_buffer_dispatch_reuse_test.objects.dir/dispatch_reuse_test.cc.o
[496/1523] Generating HAL executable testdata_llvm_cpu/command_buffer_dispatch_constants_bindings_test.bin from command_buffer_dispatch_constants_bindings_test.mlir
[497/1523] Generating HAL executable testdata_vmvx/command_buffer_dispatch_constants_test.bin from command_buffer_dispatch_constants_test.mlir
[498/1523] Generating HAL executable testdata_vmvx/command_buffer_dispatch_constants_bindings_test.bin from command_buffer_dispatch_constants_bindings_test.mlir
[499/1523] Generating HAL executable testdata_llvm_cpu/command_buffer_dispatch_multi_workgroup_test.bin from command_buffer_dispatch_multi_workgroup_test.mlir
[500/1523] Generating HAL executable testdata_llvm_cpu/command_buffer_dispatch_indirect_parameters_test.bin from command_buffer_dispatch_indirect_parameters_test.mlir
[501/1523] Generating HAL executable testdata_llvm_cpu/command_buffer_dispatch_constants_test.bin from command_buffer_dispatch_constants_test.mlir
[502/1523] Generating HAL executable testdata_vmvx/command_buffer_dispatch_indirect_parameters_test.bin from command_buffer_dispatch_indirect_parameters_test.mlir
[503/1523] Generating HAL executable testdata_vmvx/command_buffer_dispatch_multi_workgroup_test.bin from command_buffer_dispatch_multi_workgroup_test.mlir
[504/1523] Generating HAL executable testdata_llvm_cpu/command_buffer_dispatch_multi_entrypoint_test.bin from command_buffer_dispatch_multi_entrypoint_test.mlir
[505/1523] Generating HAL executable testdata_vmvx/command_buffer_dispatch_test.bin from command_buffer_dispatch_test.mlir
[506/1523] Generating HAL executable testdata_vmvx/executable_test.bin from executable_test.mlir
[507/1523] Generating HAL executable testdata_vmvx/executable_cache_test.bin from executable_cache_test.mlir
[508/1523] Generating HAL executable testdata_vmvx/command_buffer_dispatch_multi_entrypoint_test.bin from command_buffer_dispatch_multi_entrypoint_test.mlir
[509/1523] Generating testdata_vmvx.h, testdata_vmvx.c
[510/1523] Generating HAL executable testdata_llvm_cpu/command_buffer_dispatch_test.bin from command_buffer_dispatch_test.mlir
[511/1523] Building CXX object runtime/src/iree/hal/CMakeFiles/iree_hal_string_util_test.dir/string_util_test.cc.o
[512/1523] Generating HAL executable testdata_llvm_cpu/executable_test.bin from executable_test.mlir
[513/1523] Generating HAL executable testdata_llvm_cpu/executable_cache_test.bin from executable_cache_test.mlir
[514/1523] Generating testdata_llvm_cpu.h, testdata_llvm_cpu.c
[515/1523] Building C object runtime/src/iree/hal/drivers/local_task/CMakeFiles/iree_hal_drivers_local_task_block_builder.objects.dir/block_builder.c.o
[516/1523] Building C object runtime/src/iree/hal/drivers/local_task/CMakeFiles/iree_hal_drivers_local_task_block_command_ops.objects.dir/block_command_ops.c.o
[517/1523] Linking C static library runtime/src/iree/hal/drivers/local_task/libiree_hal_drivers_local_task_block_builder.a
[518/1523] Building C object runtime/src/iree/hal/drivers/local_task/CMakeFiles/iree_hal_drivers_local_task_block_command_buffer.objects.dir/block_command_buffer.c.o
[519/1523] Building C object runtime/src/iree/hal/drivers/local_sync/cts/CMakeFiles/iree_hal_drivers_local_sync_cts_testdata_vmvx.objects.dir/testdata_vmvx.c.o
[520/1523] Linking C static library runtime/src/iree/hal/drivers/local_sync/cts/libiree_hal_drivers_local_sync_cts_testdata_vmvx.a
[521/1523] Building C object runtime/src/iree/hal/drivers/local_sync/cts/CMakeFiles/iree_hal_drivers_local_sync_cts_testdata_llvm_cpu.objects.dir/testdata_llvm_cpu.c.o
[522/1523] Building CXX object runtime/src/iree/hal/cts/queue/CMakeFiles/iree_hal_cts_queue_queue_host_call_test.objects.dir/queue_host_call_test.cc.o
[523/1523] Building C object runtime/src/iree/hal/drivers/local_task/CMakeFiles/iree_hal_drivers_local_task_task_driver.objects.dir/task_driver.c.o
[524/1523] Linking C static library runtime/src/iree/hal/drivers/local_sync/cts/libiree_hal_drivers_local_sync_cts_testdata_llvm_cpu.a
[525/1523] Building C object runtime/src/iree/hal/drivers/local_task/CMakeFiles/iree_hal_drivers_local_task_task_driver.objects.dir/task_device.c.o
[526/1523] Building C object runtime/src/iree/hal/drivers/local_task/CMakeFiles/iree_hal_drivers_local_task_task_driver.objects.dir/task_event.c.o
[527/1523] Building CXX object runtime/src/iree/hal/cts/queue/CMakeFiles/iree_hal_cts_queue_queue_alloca_test.objects.dir/queue_alloca_test.cc.o
[528/1523] Building C object runtime/src/iree/hal/drivers/local_task/CMakeFiles/iree_hal_drivers_local_task_task_driver.objects.dir/task_semaphore.c.o
[529/1523] Building C object runtime/src/iree/hal/drivers/local_task/CMakeFiles/iree_hal_drivers_local_task_block_processor.objects.dir/block_processor.c.o
[530/1523] Building C object runtime/src/iree/hal/drivers/local_task/CMakeFiles/iree_hal_drivers_local_task_task_driver.objects.dir/task_queue.c.o
[531/1523] Building CXX object runtime/src/iree/hal/drivers/local_sync/cts/CMakeFiles/iree_hal_drivers_local_sync_cts_testdata_vmvx_lib.objects.dir/testdata_vmvx.cc.o
[532/1523] Generating HAL executable testdata_vmvx/command_buffer_dispatch_constants_bindings_test.bin from command_buffer_dispatch_constants_bindings_test.mlir
[533/1523] Generating HAL executable testdata_llvm_cpu/command_buffer_dispatch_constants_test.bin from command_buffer_dispatch_constants_test.mlir
[534/1523] Generating HAL executable testdata_llvm_cpu/command_buffer_dispatch_indirect_parameters_test.bin from command_buffer_dispatch_indirect_parameters_test.mlir
[535/1523] Generating HAL executable testdata_llvm_cpu/command_buffer_dispatch_constants_bindings_test.bin from command_buffer_dispatch_constants_bindings_test.mlir
[536/1523] Building CXX object runtime/src/iree/hal/drivers/local_sync/cts/CMakeFiles/iree_hal_drivers_local_sync_cts_testdata_llvm_cpu_lib.objects.dir/testdata_llvm_cpu.cc.o
[537/1523] Generating HAL executable testdata_vmvx/command_buffer_dispatch_constants_test.bin from command_buffer_dispatch_constants_test.mlir
[538/1523] Generating HAL executable testdata_vmvx/command_buffer_dispatch_indirect_parameters_test.bin from command_buffer_dispatch_indirect_parameters_test.mlir
[539/1523] Generating HAL executable testdata_vmvx/executable_test.bin from executable_test.mlir
[540/1523] Building CXX object runtime/src/iree/hal/cts/util/CMakeFiles/iree_hal_cts_util_profile_test_util.objects.dir/profile_test_util.cc.o
[541/1523] Generating HAL executable testdata_llvm_cpu/executable_cache_test.bin from executable_cache_test.mlir
[542/1523] Generating HAL executable testdata_llvm_cpu/command_buffer_dispatch_test.bin from command_buffer_dispatch_test.mlir
[543/1523] Generating HAL executable testdata_vmvx/command_buffer_dispatch_multi_workgroup_test.bin from command_buffer_dispatch_multi_workgroup_test.mlir
[544/1523] Generating HAL executable testdata_llvm_cpu/command_buffer_dispatch_multi_entrypoint_test.bin from command_buffer_dispatch_multi_entrypoint_test.mlir
[545/1523] Generating HAL executable testdata_llvm_cpu/executable_test.bin from executable_test.mlir
[546/1523] Generating HAL executable testdata_llvm_cpu/command_buffer_dispatch_multi_workgroup_test.bin from command_buffer_dispatch_multi_workgroup_test.mlir
[547/1523] Generating testdata_llvm_cpu.h, testdata_llvm_cpu.c
[548/1523] Generating HAL executable testdata_vmvx/executable_cache_test.bin from executable_cache_test.mlir
[549/1523] Generating HAL executable testdata_vmvx/command_buffer_dispatch_test.bin from command_buffer_dispatch_test.mlir
[550/1523] Generating HAL executable testdata_vmvx/command_buffer_dispatch_multi_entrypoint_test.bin from command_buffer_dispatch_multi_entrypoint_test.mlir
[551/1523] Generating testdata_vmvx.h, testdata_vmvx.c
[552/1523] Building C object runtime/src/iree/hal/local/CMakeFiles/iree_hal_local_executable_environment.objects.dir/executable_environment.c.o
[553/1523] Building CXX object runtime/src/iree/hal/cts/queue/CMakeFiles/iree_hal_cts_queue_semaphore_submission_test.objects.dir/semaphore_submission_test.cc.o
[554/1523] Building C object runtime/src/iree/hal/local/CMakeFiles/iree_hal_local_executable_library_test.dir/executable_library_demo.c.o
[555/1523] Building C object runtime/src/iree/hal/local/CMakeFiles/iree_hal_local_executable_library_test.dir/executable_library_test.c.o
[556/1523] Building C object runtime/src/iree/hal/local/CMakeFiles/iree_hal_local_executable_loader.objects.dir/executable_loader.c.o
[557/1523] Building C object runtime/src/iree/hal/local/CMakeFiles/iree_hal_local_executable_format.objects.dir/executable_format.c.o
[558/1523] Building C object runtime/src/iree/hal/local/CMakeFiles/iree_hal_local_executable_loader.objects.dir/local_executable.c.o
[559/1523] Building C object runtime/src/iree/hal/drivers/local_task/cts/CMakeFiles/iree_hal_drivers_local_task_cts_testdata_llvm_cpu.objects.dir/testdata_llvm_cpu.c.o
[560/1523] Building C object runtime/src/iree/hal/local/CMakeFiles/iree_hal_local_executable_library_util.objects.dir/executable_library_util.c.o
[561/1523] Building C object runtime/src/iree/hal/drivers/local_task/cts/CMakeFiles/iree_hal_drivers_local_task_cts_testdata_vmvx.objects.dir/testdata_vmvx.c.o
[562/1523] Linking C static library runtime/src/iree/hal/drivers/local_task/cts/libiree_hal_drivers_local_task_cts_testdata_llvm_cpu.a
[563/1523] Building CXX object runtime/src/iree/hal/cts/queue/CMakeFiles/iree_hal_cts_queue_queue_dispatch_test.objects.dir/queue_dispatch_test.cc.o
[564/1523] Linking C static library runtime/src/iree/hal/drivers/local_task/cts/libiree_hal_drivers_local_task_cts_testdata_vmvx.a
[565/1523] Building C object runtime/src/iree/hal/local/CMakeFiles/iree_hal_local_inline_dispatch.objects.dir/inline_dispatch.c.o
[566/1523] Building C object runtime/src/iree/hal/local/CMakeFiles/iree_hal_local_executable_plugin_manager.objects.dir/executable_plugin_manager.c.o
[567/1523] Building CXX object runtime/src/iree/hal/drivers/local_task/CMakeFiles/iree_hal_drivers_local_task_block_isa_test.dir/block_isa_test.cc.o
[568/1523] Building C object runtime/src/iree/hal/local/CMakeFiles/iree_hal_local_local.objects.dir/local_executable_cache.c.o
[569/1523] Building C object runtime/src/iree/hal/local/elf/CMakeFiles/iree_hal_local_elf_elf_module.objects.dir/fatelf.c.o
[570/1523] Building C object runtime/src/iree/hal/local/elf/CMakeFiles/iree_hal_local_elf_arch.objects.dir/arch/arm_32.c.o
[571/1523] Building C object runtime/src/iree/hal/local/CMakeFiles/iree_hal_local_transient_buffer.objects.dir/transient_buffer.c.o
[572/1523] Building C object runtime/src/iree/hal/local/elf/CMakeFiles/iree_hal_local_elf_arch.objects.dir/arch/riscv.c.o
[573/1523] Building C object runtime/src/iree/hal/local/elf/CMakeFiles/iree_hal_local_elf_arch.objects.dir/arch/x86_32.c.o
[574/1523] Generating elementwise_mul.h, elementwise_mul.c
[575/1523] Building C object runtime/src/iree/hal/local/elf/CMakeFiles/iree_hal_local_elf_arch.objects.dir/arch/arm_64.c.o
[576/1523] Building C object runtime/src/iree/hal/local/CMakeFiles/iree_hal_local_local.objects.dir/inline_command_buffer.c.o
[577/1523] Building C object runtime/src/iree/hal/local/elf/CMakeFiles/iree_hal_local_elf_arch.objects.dir/arch/x86_64.c.o
[578/1523] Building C object runtime/src/iree/hal/local/elf/CMakeFiles/iree_hal_local_elf_elf_module.objects.dir/elf_module.c.o
[579/1523] Building C object runtime/src/iree/hal/local/elf/CMakeFiles/iree_hal_local_elf_arch.objects.dir/arch/mips_64.c.o
[580/1523] Building C object runtime/src/iree/hal/local/CMakeFiles/iree_hal_local_profile.objects.dir/profile.c.o
[581/1523] Linking C static library runtime/src/iree/hal/local/elf/libiree_hal_local_elf_arch.a
[582/1523] Building CXX object runtime/src/iree/hal/drivers/local_task/CMakeFiles/iree_hal_drivers_local_task_block_builder_test.dir/block_builder_test.cc.o
[583/1523] Building CXX object runtime/src/iree/hal/drivers/local_task/cts/CMakeFiles/iree_hal_drivers_local_task_cts_testdata_llvm_cpu_lib.objects.dir/testdata_llvm_cpu.cc.o
[584/1523] Building C object runtime/src/iree/hal/local/elf/CMakeFiles/iree_hal_local_elf_platform.objects.dir/platform/apple.c.o
[585/1523] Building C object runtime/src/iree/hal/local/elf/CMakeFiles/iree_hal_local_elf_platform.objects.dir/platform/generic.c.o
[586/1523] Building C object runtime/src/iree/hal/local/elf/testdata/CMakeFiles/iree_hal_local_elf_testdata_elementwise_mul.objects.dir/elementwise_mul.c.o
[587/1523] Building C object runtime/src/iree/hal/local/elf/CMakeFiles/iree_hal_local_elf_platform.objects.dir/platform/linux.c.o
[588/1523] Building C object runtime/src/iree/hal/local/elf/CMakeFiles/iree_hal_local_elf_platform.objects.dir/platform/windows.c.o
[589/1523] Linking C static library runtime/src/iree/hal/local/elf/testdata/libiree_hal_local_elf_testdata_elementwise_mul.a
[590/1523] Linking C static library runtime/src/iree/hal/local/elf/libiree_hal_local_elf_platform.a
[591/1523] Building C object runtime/src/iree/hal/local/plugins/CMakeFiles/iree_hal_local_plugins_static_plugin.objects.dir/static_plugin.c.o
[592/1523] Linking C static library runtime/src/iree/hal/local/elf/libiree_hal_local_elf_elf_module.a
[593/1523] Building C object runtime/src/iree/hal/local/elf/CMakeFiles/iree_hal_local_elf_elf_module_test_binary.dir/elf_module_test_main.c.o
[594/1523] Building C object runtime/src/iree/hal/local/plugins/CMakeFiles/iree_hal_local_plugins_system_library_plugin.objects.dir/system_library_plugin.c.o
[595/1523] Building C object runtime/src/iree/hal/local/plugins/CMakeFiles/iree_hal_local_plugins_embedded_elf_plugin.objects.dir/embedded_elf_plugin.c.o
[596/1523] Building C object runtime/src/iree/hal/local/loaders/CMakeFiles/iree_hal_local_loaders_static_library_loader.objects.dir/static_library_loader.c.o
[597/1523] Building CXX object runtime/src/iree/hal/drivers/local_task/cts/CMakeFiles/iree_hal_drivers_local_task_cts_testdata_vmvx_lib.objects.dir/testdata_vmvx.cc.o
[598/1523] Building C object runtime/src/iree/hal/local/plugins/registration/CMakeFiles/iree_hal_local_plugins_registration_registration.objects.dir/init.c.o
[599/1523] Building C object runtime/src/iree/hal/memory/CMakeFiles/iree_hal_memory_arena.objects.dir/arena.c.o
[600/1523] Linking C static library runtime/src/iree/hal/memory/libiree_hal_memory_arena.a
[601/1523] Building CXX object runtime/src/iree/hal/cts/queue/CMakeFiles/iree_hal_cts_queue_queue_transfer_test.objects.dir/queue_transfer_test.cc.o
[602/1523] Building C object runtime/src/iree/hal/memory/CMakeFiles/iree_hal_memory_fixed_block_allocator.objects.dir/fixed_block_allocator.c.o
[603/1523] Linking C static library runtime/src/iree/hal/memory/libiree_hal_memory_fixed_block_allocator.a
[604/1523] Building C object runtime/src/iree/hal/memory/CMakeFiles/iree_hal_memory_fixed_block_pool.objects.dir/fixed_block_pool.c.o
[605/1523] Building C object runtime/src/iree/hal/memory/CMakeFiles/iree_hal_memory_cpu_slab_provider.objects.dir/cpu_slab_provider.c.o
[606/1523] Building C object runtime/src/iree/hal/memory/CMakeFiles/iree_hal_memory_passthrough_pool.objects.dir/passthrough_pool.c.o
[607/1523] Building C object runtime/src/iree/hal/memory/CMakeFiles/iree_hal_memory_slab_provider.objects.dir/slab_provider.c.o
[608/1523] Building C object runtime/src/iree/hal/memory/CMakeFiles/iree_hal_memory_slab_cache.objects.dir/slab_cache.c.o
[609/1523] Building C object runtime/src/iree/hal/memory/CMakeFiles/iree_hal_memory_tracing.objects.dir/tracing.c.o
[610/1523] Linking C static library runtime/src/iree/hal/memory/libiree_hal_memory_tracing.a
[611/1523] Building C object runtime/src/iree/hal/memory/CMakeFiles/iree_hal_memory_tlsf.objects.dir/tlsf.c.o
[612/1523] Building CXX object runtime/src/iree/hal/memory/CMakeFiles/iree_hal_memory_arena_benchmark.dir/arena_benchmark.cc.o
[613/1523] Linking C static library runtime/src/iree/hal/memory/libiree_hal_memory_tlsf.a
[614/1523] Building C object runtime/src/iree/hal/memory/CMakeFiles/iree_hal_memory_tlsf_pool.objects.dir/tlsf_pool.c.o
[615/1523] Building C object runtime/src/iree/hal/replay/CMakeFiles/iree_hal_replay_format.objects.dir/format.c.o
[616/1523] Linking C static library runtime/src/iree/hal/replay/libiree_hal_replay_format.a
[617/1523] Building C object runtime/src/iree/hal/replay/CMakeFiles/iree_hal_replay_digest.objects.dir/digest.c.o
[618/1523] Linking C static library runtime/src/iree/hal/replay/libiree_hal_replay_digest.a
[619/1523] Building C object runtime/src/iree/hal/replay/CMakeFiles/iree_hal_replay_file_writer.objects.dir/file_writer.c.o
[620/1523] Building C object runtime/src/iree/hal/replay/CMakeFiles/iree_hal_replay_file_reader.objects.dir/file_reader.c.o
[621/1523] Linking C static library runtime/src/iree/hal/replay/libiree_hal_replay_file_reader.a
[622/1523] Building CXX object runtime/src/iree/hal/memory/CMakeFiles/iree_hal_memory_fixed_block_allocator_benchmark.dir/fixed_block_allocator_benchmark.cc.o
[623/1523] Building CXX object runtime/src/iree/hal/memory/CMakeFiles/iree_hal_memory_tlsf_benchmark.dir/tlsf_benchmark.cc.o
[624/1523] Building C object runtime/src/iree/hal/replay/CMakeFiles/iree_hal_replay_recorder.objects.dir/recorder_allocator.c.o
[625/1523] Building C object runtime/src/iree/hal/replay/CMakeFiles/iree_hal_replay_recorder.objects.dir/recorder_event.c.o
[626/1523] Building CXX object runtime/src/iree/hal/drivers/local_task/CMakeFiles/iree_hal_drivers_local_task_block_processor_test.dir/block_processor_test.cc.o
[627/1523] Building C object runtime/src/iree/hal/replay/CMakeFiles/iree_hal_replay_recorder.objects.dir/recorder_buffer.c.o
[628/1523] Building C object runtime/src/iree/hal/replay/CMakeFiles/iree_hal_replay_recorder.objects.dir/recorder_file.c.o
[629/1523] Building C object runtime/src/iree/hal/replay/CMakeFiles/iree_hal_replay_recorder.objects.dir/recorder_executable.c.o
[630/1523] Building C object runtime/src/iree/hal/replay/CMakeFiles/iree_hal_replay_recorder.objects.dir/recorder.c.o
[631/1523] Building C object runtime/src/iree/hal/replay/CMakeFiles/iree_hal_replay_recorder.objects.dir/recorder_command_buffer.c.o
[632/1523] Building C object runtime/src/iree/hal/replay/CMakeFiles/iree_hal_replay_dump.objects.dir/dump.c.o
[633/1523] Linking C static library runtime/src/iree/hal/replay/libiree_hal_replay_dump.a
[634/1523] Building C object runtime/src/iree/hal/replay/CMakeFiles/iree_hal_replay_execute.objects.dir/execute.c.o
[635/1523] Building C object runtime/src/iree/hal/utils/CMakeFiles/iree_hal_utils_allocators.objects.dir/allocators.c.o
[636/1523] Building C object runtime/src/iree/hal/utils/CMakeFiles/iree_hal_utils_collective_batch.objects.dir/collective_batch.c.o
[637/1523] Building C object runtime/src/iree/hal/testing/CMakeFiles/iree_hal_testing_mock_device.objects.dir/mock_device.c.o
[638/1523] Building C object runtime/src/iree/hal/utils/CMakeFiles/iree_hal_utils_debug_allocator.objects.dir/debug_allocator.c.o
[639/1523] Building C object runtime/src/iree/hal/utils/CMakeFiles/iree_hal_utils_caching_allocator.objects.dir/caching_allocator.c.o
[640/1523] Building C object runtime/src/iree/hal/utils/CMakeFiles/iree_hal_utils_executable_header.objects.dir/executable_header.c.o
[641/1523] Linking C static library runtime/src/iree/hal/utils/libiree_hal_utils_executable_header.a
[642/1523] Building C object runtime/src/iree/hal/utils/CMakeFiles/iree_hal_utils_elf_format.objects.dir/elf_format.c.o
[643/1523] Building C object runtime/src/iree/hal/utils/CMakeFiles/iree_hal_utils_deferred_command_buffer.objects.dir/deferred_command_buffer.c.o
[644/1523] Linking C static library runtime/src/iree/hal/utils/libiree_hal_utils_elf_format.a
[645/1523] Linking C static library runtime/src/iree/hal/local/libiree_hal_local_executable_format.a
[646/1523] Building C object runtime/src/iree/hal/utils/CMakeFiles/iree_hal_utils_file_cache.objects.dir/file_cache.c.o
[647/1523] Building C object runtime/src/iree/hal/utils/CMakeFiles/iree_hal_utils_file_transfer.objects.dir/file_transfer.c.o
[648/1523] Building C object runtime/src/iree/hal/utils/CMakeFiles/iree_hal_utils_files.objects.dir/fd_file.c.o
[649/1523] Building C object runtime/src/iree/hal/utils/CMakeFiles/iree_hal_utils_files.objects.dir/file_registry.c.o
[650/1523] Building C object runtime/src/iree/hal/utils/CMakeFiles/iree_hal_utils_files.objects.dir/memory_file.c.o
[651/1523] Building C object runtime/src/iree/hal/utils/CMakeFiles/iree_hal_utils_libmpi.objects.dir/libmpi.c.o
[652/1523] Building CXX object runtime/src/iree/hal/memory/CMakeFiles/iree_hal_memory_passthrough_pool_test.dir/passthrough_pool_test.cc.o
[653/1523] Building CXX object runtime/src/iree/hal/memory/CMakeFiles/iree_hal_memory_arena_test.dir/arena_test.cc.o
[654/1523] Building C object runtime/src/iree/hal/utils/CMakeFiles/iree_hal_utils_mpi_channel_provider.objects.dir/mpi_channel_provider.c.o
[655/1523] Building C object runtime/src/iree/hal/utils/CMakeFiles/iree_hal_utils_platform_topology.objects.dir/platform_topology.c.o
[656/1523] Building CXX object runtime/src/iree/hal/memory/CMakeFiles/iree_hal_memory_fixed_block_pool_test.dir/fixed_block_pool_test.cc.o
[657/1523] Building C object runtime/src/iree/hal/utils/CMakeFiles/iree_hal_utils_platform_topology.objects.dir/platform_topology_darwin.c.o
[658/1523] Building C object runtime/src/iree/hal/utils/CMakeFiles/iree_hal_utils_platform_topology.objects.dir/platform_topology_fallback.c.o
[659/1523] Building CXX object runtime/src/iree/hal/local/CMakeFiles/iree_hal_local_profile_test.dir/profile_test.cc.o
[660/1523] Building C object runtime/src/iree/hal/utils/CMakeFiles/iree_hal_utils_platform_topology.objects.dir/platform_topology_win32.c.o
[661/1523] Building CXX object runtime/src/iree/hal/test/CMakeFiles/iree_hal_test_buffer_ref_binding_normalization_test.dir/buffer_ref_binding_normalization_test.cc.o
[662/1523] Building C object runtime/src/iree/hal/utils/CMakeFiles/iree_hal_utils_platform_topology.objects.dir/platform_topology_sysfs.c.o
[663/1523] Linking C static library runtime/src/iree/hal/utils/libiree_hal_utils_platform_topology.a
[664/1523] Building CXX object runtime/src/iree/hal/memory/CMakeFiles/iree_hal_memory_tlsf_pool_test.dir/tlsf_pool_test.cc.o
[665/1523] Building C object runtime/src/iree/hal/utils/CMakeFiles/iree_hal_utils_profile_event_ring.objects.dir/profile_event_ring.c.o
[666/1523] Linking C static library runtime/src/iree/hal/utils/libiree_hal_utils_profile_event_ring.a
[667/1523] Building C object runtime/src/iree/hal/utils/CMakeFiles/iree_hal_utils_profile_file.objects.dir/profile_file.c.o
[668/1523] Building CXX object runtime/src/iree/hal/memory/CMakeFiles/iree_hal_memory_fixed_block_allocator_test.dir/fixed_block_allocator_test.cc.o
[669/1523] Building C object runtime/src/iree/hal/utils/CMakeFiles/iree_hal_utils_queue_emulation.objects.dir/queue_emulation.c.o
[670/1523] Building CXX object runtime/src/iree/hal/utils/CMakeFiles/iree_hal_utils_elf_format_test.dir/elf_format_test.cc.o
[671/1523] Building C object runtime/src/iree/hal/utils/CMakeFiles/iree_hal_utils_statistics_sink.objects.dir/statistics_sink.c.o
[672/1523] Building C object runtime/src/iree/hal/utils/CMakeFiles/iree_hal_utils_resource_set.objects.dir/resource_set.c.o
[673/1523] Building C object runtime/src/iree/hal/utils/CMakeFiles/iree_hal_utils_resource_set_benchmark.dir/resource_set_benchmark.c.o
[674/1523] Building C object runtime/src/iree/hal/utils/CMakeFiles/iree_hal_utils_stream_tracing.objects.dir/stream_tracing.c.o
[675/1523] Building C object runtime/src/iree/hal/utils/CMakeFiles/iree_hal_utils_queue_host_call_emulation.objects.dir/queue_host_call_emulation.c.o
[676/1523] Building C object runtime/src/iree/io/CMakeFiles/iree_io_file_handle.objects.dir/file_contents.c.o
[677/1523] Building C object runtime/src/iree/hal/utils/CMakeFiles/iree_hal_utils_deferred_work_queue.objects.dir/deferred_work_queue.c.o
[678/1523] Building C object runtime/src/iree/io/CMakeFiles/iree_io_file_handle.objects.dir/file_handle.c.o
[679/1523] Building CXX object runtime/src/iree/hal/replay/CMakeFiles/iree_hal_replay_file_test.dir/file_test.cc.o
[680/1523] Linking C static library runtime/src/iree/io/libiree_io_file_handle.a
[681/1523] Building C object runtime/src/iree/io/CMakeFiles/iree_io_parameter_index.objects.dir/parameter_index.c.o
[682/1523] Linking C executable tools/iree-fatelf
[683/1523] Linking C static library runtime/src/iree/base/tooling/libiree_base_tooling_flags.a
[684/1523] Linking C static library runtime/src/iree/hal/libiree_hal_hal.a
[685/1523] Linking C executable tools/iree-dump-replay
[686/1523] Linking C executable runtime/src/iree/base/tooling/flags_demo
[687/1523] Linking C executable runtime/src/iree/builtins/ukernel/tools/mmt4d_test
[688/1523] Building C object runtime/src/iree/io/CMakeFiles/iree_io_parameter_provider.objects.dir/parameter_provider.c.o
[689/1523] Linking C executable runtime/src/iree/builtins/ukernel/tools/pack_test
[690/1523] Linking C executable runtime/src/iree/builtins/ukernel/tools/unpack_test
[691/1523] Building C object runtime/src/iree/io/CMakeFiles/iree_io_parameter_index_provider.objects.dir/parameter_index_provider.c.o
[692/1523] Linking C static library runtime/src/iree/hal/local/libiree_hal_local_executable_environment.a
[693/1523] Linking CXX static library runtime/src/iree/hal/cts/util/libiree_hal_cts_util_profile_test_util.a
[694/1523] Linking CXX static library runtime/src/iree/hal/cts/util/libiree_hal_cts_util_registry.a
[695/1523] Building C object runtime/src/iree/io/CMakeFiles/iree_io_scope_map.objects.dir/scope_map.c.o
[696/1523] Building CXX object runtime/src/iree/hal/replay/CMakeFiles/iree_hal_replay_recorder_test.dir/recorder_test.cc.o
[697/1523] Linking C static library runtime/src/iree/hal/local/libiree_hal_local_transient_buffer.a
[698/1523] Linking C executable runtime/src/iree/hal/local/executable_library_test
[699/1523] Linking C executable runtime/src/iree/hal/local/elf/elf_module_test_binary
[700/1523] Linking CXX static library runtime/src/iree/hal/cts/util/libiree_hal_cts_util_test_base.a
[701/1523] Linking C static library runtime/src/iree/hal/local/libiree_hal_local_executable_loader.a
[702/1523] Linking C static library runtime/src/iree/hal/replay/libiree_hal_replay_execute.a
[703/1523] Linking C static library runtime/src/iree/hal/memory/libiree_hal_memory_slab_provider.a
[704/1523] Linking C static library runtime/src/iree/hal/testing/libiree_hal_testing_mock_device.a
[705/1523] Linking C static library runtime/src/iree/hal/utils/libiree_hal_utils_debug_allocator.a
[706/1523] Building C object runtime/src/iree/io/CMakeFiles/iree_io_stream.objects.dir/memory_stream.c.o
[707/1523] Linking C static library runtime/src/iree/hal/utils/libiree_hal_utils_caching_allocator.a
[708/1523] Linking C static library runtime/src/iree/hal/local/libiree_hal_local_executable_plugin_manager.a
[709/1523] Linking C static library runtime/src/iree/hal/memory/libiree_hal_memory_fixed_block_pool.a
[710/1523] Linking C static library runtime/src/iree/hal/local/libiree_hal_local_executable_library_util.a
[711/1523] Linking C static library runtime/src/iree/hal/local/libiree_hal_local_profile.a
[712/1523] Linking C static library runtime/src/iree/hal/local/plugins/libiree_hal_local_plugins_embedded_elf_plugin.a
[713/1523] Linking C static library runtime/src/iree/hal/memory/libiree_hal_memory_passthrough_pool.a
[714/1523] Linking C static library runtime/src/iree/hal/memory/libiree_hal_memory_cpu_slab_provider.a
[715/1523] Linking C static library runtime/src/iree/hal/local/libiree_hal_local_local.a
[716/1523] Linking C static library runtime/src/iree/hal/local/loaders/libiree_hal_local_loaders_static_library_loader.a
[717/1523] Linking C static library runtime/src/iree/hal/local/plugins/libiree_hal_local_plugins_static_plugin.a
[718/1523] Linking C static library runtime/src/iree/hal/memory/libiree_hal_memory_tlsf_pool.a
[719/1523] Linking C static library runtime/src/iree/hal/memory/libiree_hal_memory_slab_cache.a
[720/1523] Linking C static library runtime/src/iree/hal/utils/libiree_hal_utils_file_cache.a
[721/1523] Linking C static library runtime/src/iree/hal/utils/libiree_hal_utils_allocators.a
[722/1523] Linking C static library runtime/src/iree/hal/local/plugins/libiree_hal_local_plugins_system_library_plugin.a
[723/1523] Linking C static library runtime/src/iree/hal/local/libiree_hal_local_inline_dispatch.a
[724/1523] Linking C static library runtime/src/iree/hal/drivers/local_task/libiree_hal_drivers_local_task_block_command_ops.a
[725/1523] Linking C static library runtime/src/iree/hal/utils/libiree_hal_utils_file_transfer.a
[726/1523] Linking C static library runtime/src/iree/hal/utils/libiree_hal_utils_files.a
[727/1523] Linking C static library runtime/src/iree/hal/utils/libiree_hal_utils_queue_emulation.a
[728/1523] Linking C static library runtime/src/iree/hal/utils/libiree_hal_utils_libmpi.a
[729/1523] Linking C static library runtime/src/iree/hal/utils/libiree_hal_utils_statistics_sink.a
[730/1523] Linking C static library runtime/src/iree/hal/local/plugins/registration/libiree_hal_local_plugins_registration_registration.a
[731/1523] Linking C static library runtime/src/iree/hal/utils/libiree_hal_utils_stream_tracing.a
[732/1523] Linking C static library runtime/src/iree/hal/utils/libiree_hal_utils_resource_set.a
[733/1523] Linking C static library runtime/src/iree/hal/utils/libiree_hal_utils_queue_host_call_emulation.a
[734/1523] Linking C static library runtime/src/iree/hal/utils/libiree_hal_utils_mpi_channel_provider.a
[735/1523] Linking C static library runtime/src/iree/io/libiree_io_parameter_provider.a
[736/1523] Linking C static library runtime/src/iree/hal/drivers/local_task/libiree_hal_drivers_local_task_block_command_buffer.a
[737/1523] Linking C static library runtime/src/iree/io/libiree_io_parameter_index.a
[738/1523] Building C object runtime/src/iree/io/CMakeFiles/iree_io_stream.objects.dir/stdio_stream.c.o
[739/1523] Linking C static library runtime/src/iree/hal/utils/libiree_hal_utils_deferred_command_buffer.a
[740/1523] Linking C static library runtime/src/iree/hal/utils/libiree_hal_utils_collective_batch.a
[741/1523] Linking C static library runtime/src/iree/io/libiree_io_parameter_index_provider.a
[742/1523] Generating gguf_files.h, gguf_files.c
[743/1523] Linking C static library runtime/src/iree/io/libiree_io_scope_map.a
[744/1523] Building CXX object runtime/src/iree/hal/utils/CMakeFiles/iree_hal_utils_libmpi_test.dir/libmpi_test.cc.o
[745/1523] Linking C static library runtime/src/iree/hal/drivers/local_sync/libiree_hal_drivers_local_sync_sync_driver.a
[746/1523] Linking C static library runtime/src/iree/hal/utils/libiree_hal_utils_deferred_work_queue.a
[747/1523] Generating irpa_files.h, irpa_files.c
[748/1523] Building C object runtime/src/iree/io/CMakeFiles/iree_io_stream.objects.dir/stream.c.o
[749/1523] Building CXX object runtime/src/iree/hal/replay/CMakeFiles/iree_hal_replay_dump_test.dir/dump_test.cc.o
[750/1523] Building C object runtime/src/iree/io/formats/CMakeFiles/iree_io_formats_parser_registry.objects.dir/parser_registry.c.o
[751/1523] Generating safetensors_files.h, safetensors_files.c
[752/1523] Building C object runtime/src/iree/io/CMakeFiles/iree_io_stream.objects.dir/vec_stream.c.o
[753/1523] Building C object runtime/src/iree/io/formats/gguf/testdata/CMakeFiles/iree_io_formats_gguf_testdata_gguf_files.objects.dir/gguf_files.c.o
[754/1523] Building C object runtime/src/iree/io/formats/gguf/CMakeFiles/iree_io_formats_gguf_gguf.objects.dir/gguf_parser.c.o
[755/1523] Linking C static library runtime/src/iree/io/formats/gguf/testdata/libiree_io_formats_gguf_testdata_gguf_files.a
[756/1523] Linking C static library runtime/src/iree/io/libiree_io_stream.a
[757/1523] Building C object runtime/src/iree/io/formats/irpa/testdata/CMakeFiles/iree_io_formats_irpa_testdata_irpa_files.objects.dir/irpa_files.c.o
[758/1523] Linking C static library runtime/src/iree/io/formats/gguf/libiree_io_formats_gguf_gguf.a
[759/1523] Building C object runtime/src/iree/io/formats/irpa/CMakeFiles/iree_io_formats_irpa_irpa.objects.dir/irpa_parser.c.o
[760/1523] Linking C static library runtime/src/iree/hal/replay/libiree_hal_replay_file_writer.a
[761/1523] Linking C static library runtime/src/iree/hal/utils/libiree_hal_utils_profile_file.a
[762/1523] Linking C static library runtime/src/iree/io/formats/irpa/testdata/libiree_io_formats_irpa_testdata_irpa_files.a
[763/1523] Building C object runtime/src/iree/io/formats/irpa/CMakeFiles/iree_io_formats_irpa_irpa.objects.dir/irpa_builder.c.o
[764/1523] Linking C static library runtime/src/iree/hal/replay/libiree_hal_replay_recorder.a
[765/1523] Building CXX object runtime/src/iree/hal/memory/CMakeFiles/iree_hal_memory_tlsf_test.dir/tlsf_test.cc.o
[766/1523] Linking C static library runtime/src/iree/io/formats/irpa/libiree_io_formats_irpa_irpa.a
[767/1523] Linking C executable tools/iree-create-parameters
[768/1523] Building C object runtime/src/iree/io/formats/safetensors/CMakeFiles/iree_io_formats_safetensors_safetensors.objects.dir/safetensors_parser.c.o
[769/1523] Linking C static library runtime/src/iree/io/formats/safetensors/libiree_io_formats_safetensors_safetensors.a
[770/1523] Building C object runtime/src/iree/io/formats/safetensors/testdata/CMakeFiles/iree_io_formats_safetensors_testdata_safetensors_files.objects.dir/safetensors_files.c.o
[771/1523] Linking C static library runtime/src/iree/io/formats/safetensors/testdata/libiree_io_formats_safetensors_testdata_safetensors_files.a
[772/1523] Linking C static library runtime/src/iree/io/formats/libiree_io_formats_parser_registry.a
[773/1523] Building CXX object runtime/src/iree/hal/utils/CMakeFiles/iree_hal_utils_statistics_sink_test.dir/statistics_sink_test.cc.o
[774/1523] Building C object runtime/src/iree/modules/hal/CMakeFiles/iree_modules_hal_debugging.objects.dir/debugging.c.o
[775/1523] Building CXX object runtime/src/iree/io/CMakeFiles/iree_io_file_contents_test.dir/file_contents_test.cc.o
[776/1523] Building C object runtime/src/iree/modules/hal/CMakeFiles/iree_modules_hal_types.objects.dir/types.c.o
[777/1523] Building CXX object runtime/src/iree/hal/utils/CMakeFiles/iree_hal_utils_resource_set_test.dir/resource_set_test.cc.o
[778/1523] Building C object runtime/src/iree/modules/hal/loader/CMakeFiles/iree_modules_hal_loader_loader.objects.dir/module.c.o
[779/1523] Building CXX object runtime/src/iree/hal/replay/CMakeFiles/iree_hal_replay_execute_test.dir/execute_test.cc.o
[780/1523] Generating bytecode_module_def_reader.h, bytecode_module_def_builder.h, bytecode_module_def_verifier.h, bytecode_module_def_json_printer.h, bytecode_module_def_json_parser.h
[781/1523] Generating executable_debug_info_reader.h, executable_debug_info_builder.h, executable_debug_info_verifier.h, executable_debug_info_json_printer.h, executable_debug_info_json_parser.h
[782/1523] Building C object runtime/src/iree/modules/hal/inline/CMakeFiles/iree_modules_hal_inline_inline.objects.dir/module.c.o
[783/1523] Generating dispatch_def_reader.h, dispatch_def_builder.h, dispatch_def_verifier.h, dispatch_def_json_printer.h, dispatch_def_json_parser.h
[784/1523] Building C object runtime/src/iree/modules/hal/utils/CMakeFiles/iree_modules_hal_utils_buffer_diagnostics.objects.dir/buffer_diagnostics.c.o
[785/1523] Building CXX object runtime/src/iree/hal/utils/CMakeFiles/iree_hal_utils_profile_file_test.dir/profile_file_test.cc.o
[786/1523] Building C object runtime/src/iree/modules/hal/CMakeFiles/iree_modules_hal_hal.objects.dir/module.c.o
[787/1523] Building C object runtime/src/iree/modules/vmvx/CMakeFiles/iree_modules_vmvx_vmvx.objects.dir/elementwise.c.o
[788/1523] Building C object runtime/src/iree/modules/io/parameters/CMakeFiles/iree_modules_io_parameters_parameters.objects.dir/module.c.o
[789/1523] Building C object runtime/src/iree/hal/utils/CMakeFiles/iree_hal_utils_executable_debug_info.objects.dir/executable_debug_info.c.o
[790/1523] Linking C static library runtime/src/iree/hal/utils/libiree_hal_utils_executable_debug_info.a
[791/1523] Building C object runtime/src/iree/task/CMakeFiles/iree_task_api.objects.dir/api.c.o
[792/1523] Building C object tools/CMakeFiles/iree-dump-instruments.dir/iree-dump-instruments-main.c.o
[793/1523] Building C object runtime/src/iree/task/CMakeFiles/iree_task_task.objects.dir/executor.c.o
[794/1523] Linking C executable tools/iree-dump-instruments
[795/1523] Building C object runtime/src/iree/modules/vmvx/CMakeFiles/iree_modules_vmvx_vmvx.objects.dir/module.c.o
[796/1523] Building C object runtime/src/iree/task/CMakeFiles/iree_task_task.objects.dir/process.c.o
[797/1523] Building C object runtime/src/iree/task/CMakeFiles/iree_task_task.objects.dir/scope.c.o
[798/1523] Building CXX object runtime/src/iree/io/formats/gguf/CMakeFiles/iree_io_formats_gguf_gguf_parser_test.dir/gguf_parser_test.cc.o
[799/1523] Building C object runtime/src/iree/task/CMakeFiles/iree_task_task.objects.dir/topology.c.o
[800/1523] Building C object runtime/src/iree/task/CMakeFiles/iree_task_task.objects.dir/topology_cpuinfo.c.o
[801/1523] Building C object runtime/src/iree/task/CMakeFiles/iree_task_task.objects.dir/topology_darwin.c.o
[802/1523] Building C object runtime/src/iree/task/CMakeFiles/iree_task_task.objects.dir/topology_fallback.c.o
[803/1523] Building C object runtime/src/iree/task/CMakeFiles/iree_task_task.objects.dir/topology_wasm.c.o
[804/1523] Building C object runtime/src/iree/task/CMakeFiles/iree_task_task.objects.dir/topology_win32.c.o
[805/1523] Building CXX object runtime/src/iree/io/formats/safetensors/CMakeFiles/iree_io_formats_safetensors_safetensors_parser_test.dir/safetensors_parser_test.cc.o
[806/1523] Building C object runtime/src/iree/task/CMakeFiles/iree_task_task.objects.dir/topology_sysfs.c.o
[807/1523] Building C object runtime/src/iree/task/CMakeFiles/iree_task_task.objects.dir/worker.c.o
[808/1523] Linking C static library runtime/src/iree/task/libiree_task_task.a
[809/1523] Linking C static library runtime/src/iree/hal/drivers/local_task/libiree_hal_drivers_local_task_block_processor.a
[810/1523] Building C object runtime/src/iree/testing/CMakeFiles/iree_testing_benchmark_main.objects.dir/benchmark_main.c.o
[811/1523] Linking C static library runtime/src/iree/hal/drivers/local_task/libiree_hal_drivers_local_task_task_driver.a
[812/1523] Building CXX object runtime/src/iree/io/formats/irpa/CMakeFiles/iree_io_formats_irpa_irpa_parser_test.dir/irpa_parser_test.cc.o
[813/1523] Linking C static library runtime/src/iree/task/libiree_task_api.a
[814/1523] Building C object runtime/src/iree/testing/CMakeFiles/iree_testing_coordinated_test.objects.dir/coordinated_test.c.o
[815/1523] Linking C static library runtime/src/iree/testing/libiree_testing_coordinated_test.a
[816/1523] Building C object runtime/src/iree/tokenizer/CMakeFiles/iree_tokenizer_model.objects.dir/model.c.o
[817/1523] Building CXX object runtime/src/iree/testing/CMakeFiles/iree_testing_benchmark.objects.dir/benchmark_full.cc.o
[818/1523] Building C object runtime/src/iree/tokenizer/CMakeFiles/iree_tokenizer_decoder.objects.dir/decoder.c.o
[819/1523] Linking CXX static library runtime/src/iree/testing/libiree_testing_benchmark.a
[820/1523] Linking C static library runtime/src/iree/tokenizer/libiree_tokenizer_decoder.a
[821/1523] Building C object runtime/src/iree/tokenizer/CMakeFiles/iree_tokenizer_normalizer.objects.dir/normalizer.c.o
[822/1523] Linking CXX static library runtime/src/iree/builtins/ukernel/tools/libiree_builtins_ukernel_tools_benchmark.a
[823/1523] Linking CXX static library runtime/src/iree/builtins/ukernel/tools/libiree_builtins_ukernel_tools_memcpy_benchmark.a
[824/1523] Building CXX object runtime/src/iree/task/CMakeFiles/iree_task_executor_benchmark.dir/executor_benchmark.cc.o
[825/1523] Linking CXX executable runtime/src/iree/hal/utils/resource_set_benchmark
[826/1523] Linking CXX executable runtime/src/iree/builtins/ukernel/tools/mmt4d_benchmark
[827/1523] Linking CXX executable runtime/src/iree/builtins/device/tools/libdevice_benchmark
[828/1523] Linking CXX executable runtime/src/iree/builtins/ukernel/tools/conv_nchwc_benchmark
[829/1523] Linking CXX executable runtime/src/iree/builtins/ukernel/tools/pack_benchmark
[830/1523] Building CXX object runtime/src/iree/testing/CMakeFiles/iree_testing_gtest_main.objects.dir/gtest_main.cc.o
[831/1523] Linking CXX static library runtime/src/iree/testing/libiree_testing_benchmark_main.a
[832/1523] Linking C static library runtime/src/iree/tokenizer/libiree_tokenizer_normalizer.a
[833/1523] Linking CXX static library runtime/src/iree/testing/libiree_testing_gtest_main.a
[834/1523] Linking CXX executable runtime/src/iree/builtins/ukernel/tools/unpack_benchmark
[835/1523] Linking CXX executable runtime/src/iree/builtins/ukernel/tools/e2e_matmul_benchmark
[836/1523] Linking CXX executable build_tools/embed_data/iree_c_embed_data_test
[837/1523] Linking CXX executable runtime/src/iree/async/frontier_tracker_benchmark
[838/1523] Linking CXX executable runtime/src/iree/async/frontier_benchmark
[839/1523] Linking CXX executable runtime/src/iree/async/primitive_test
[840/1523] Linking CXX executable runtime/src/iree/async/address_test
[841/1523] Linking CXX executable runtime/src/iree/async/frontier_tracker_test
[842/1523] Linking CXX executable runtime/src/iree/async/event_pool_test
[843/1523] Linking CXX executable runtime/src/iree/async/frontier_test
[844/1523] Linking CXX executable runtime/src/iree/async/platform/io_uring/sparse_table_test
[845/1523] Building CXX object runtime/src/iree/testing/CMakeFiles/iree_testing_temp_file.objects.dir/temp_file.cc.o
[846/1523] Linking CXX executable runtime/src/iree/async/semaphore_test
[847/1523] Linking CXX executable runtime/src/iree/async/platform/io_uring/uring_test
[848/1523] Building CXX object runtime/src/iree/testing/CMakeFiles/iree_testing_coordinated_test_main.objects.dir/coordinated_test_main.cc.o
[849/1523] Linking CXX executable runtime/src/iree/async/platform/js/proactor_test
[850/1523] Linking CXX executable runtime/src/iree/async/platform/posix/timer_list_test
[851/1523] Linking CXX executable runtime/src/iree/async/util/operation_pool_test
[852/1523] Linking CXX executable runtime/src/iree/async/util/proactor_pool_test
[853/1523] Linking CXX executable runtime/src/iree/base/allocator_test
[854/1523] Linking CXX executable runtime/src/iree/async/platform/js/token_table_test
[855/1523] Linking CXX executable runtime/src/iree/async/util/continuation_test
[856/1523] Generating check_failure_llvm-cpu_local-task_generic_failure.mlir_module.vmfb from failure.mlir
[857/1523] Generating check_failure_vmvx_local-task_failure.mlir_module.vmfb from failure.mlir
[858/1523] Linking CXX executable runtime/src/iree/base/bitfield_test
[859/1523] Linking CXX executable runtime/src/iree/base/bitmap_test
[860/1523] Linking CXX executable runtime/src/iree/base/status_test
[861/1523] Linking CXX executable runtime/src/iree/base/bitmap_benchmark
[862/1523] Linking CXX executable runtime/src/iree/base/internal/atomics_test
[863/1523] Linking CXX executable runtime/src/iree/base/internal/base64_test
[864/1523] Linking CXX executable runtime/src/iree/base/string_builder_test
[865/1523] Linking CXX executable runtime/src/iree/base/internal/math_test
[866/1523] Linking CXX executable runtime/src/iree/base/internal/base64_benchmark
[867/1523] Linking CXX executable runtime/src/iree/base/internal/atomic_slist_test
[868/1523] Linking CXX executable runtime/src/iree/base/string_view_test
[869/1523] Linking CXX executable runtime/src/iree/base/internal/atomic_freelist_test
[870/1523] Linking CXX executable runtime/src/iree/base/internal/arena_test
[871/1523] Linking CXX executable runtime/src/iree/base/internal/csprng_test
[872/1523] Building CXX object runtime/src/iree/testing/CMakeFiles/iree_testing_coordinated_test_test.dir/coordinated_test_test.cc.o
[873/1523] Linking CXX executable runtime/src/iree/base/internal/atomic_slist_benchmark
[874/1523] Linking CXX executable runtime/src/iree/base/internal/atomic_freelist_benchmark
[875/1523] Linking CXX executable runtime/src/iree/base/internal/fpu_state_benchmark
[876/1523] Building CXX object runtime/src/iree/io/CMakeFiles/iree_io_memory_stream_test.dir/memory_stream_test.cc.o
[877/1523] Linking CXX executable runtime/src/iree/base/internal/fpu_state_test
[878/1523] Linking CXX executable runtime/src/iree/base/internal/memory_test
[879/1523] Linking CXX executable runtime/src/iree/base/internal/json_test
[880/1523] Linking CXX executable runtime/src/iree/base/internal/spsc_queue_test
[881/1523] Linking CXX executable runtime/src/iree/base/internal/path_test
[882/1523] Linking CXX executable runtime/src/iree/base/internal/shm_test
[883/1523] Linking CXX executable runtime/src/iree/base/internal/mpsc_queue_test
[884/1523] Linking CXX executable runtime/src/iree/base/internal/spsc_queue_benchmark
[885/1523] Linking CXX executable runtime/src/iree/base/internal/sysfs_test
[886/1523] Linking CXX executable runtime/src/iree/base/internal/prng_test
[887/1523] Linking CXX executable runtime/src/iree/base/threading/call_once_test
[888/1523] Linking CXX executable runtime/src/iree/base/threading/futex_test
[889/1523] Building CXX object runtime/src/iree/task/CMakeFiles/iree_task_topology_test.dir/topology_test.cc.o
[890/1523] Linking CXX executable runtime/src/iree/base/internal/unicode_test
[891/1523] Linking CXX executable runtime/src/iree/base/threading/thread_test
[892/1523] Building CXX object runtime/src/iree/task/CMakeFiles/iree_task_process_test.dir/process_test.cc.o
[893/1523] Linking CXX executable runtime/src/iree/base/threading/notification_test
[894/1523] Linking CXX executable runtime/src/iree/base/threading/mutex_test
[895/1523] Linking CXX executable runtime/src/iree/base/threading/numa_test
[896/1523] Linking CXX executable runtime/src/iree/builtins/device/tools/libdevice_test
[897/1523] Linking CXX executable runtime/src/iree/hal/device_test
[898/1523] Linking CXX executable runtime/src/iree/base/threading/mutex_benchmark
[899/1523] Linking CXX executable runtime/src/iree/hal/topology_builder_test
[900/1523] Linking CXX executable runtime/src/iree/base/threading/wait_address_test
[901/1523] Linking CXX executable runtime/src/iree/hal/topology_test
[902/1523] Linking CXX executable runtime/src/iree/hal/string_util_test
[903/1523] Linking CXX executable runtime/src/iree/base/threading/thread_benchmark
[904/1523] Building CXX object runtime/src/iree/task/CMakeFiles/iree_task_executor_test.dir/executor_test.cc.o
[905/1523] Linking CXX executable runtime/src/iree/base/threading/notification_benchmark
[906/1523] Building CXX object runtime/src/iree/io/CMakeFiles/iree_io_vec_stream_test.dir/vec_stream_test.cc.o
[907/1523] Linking CXX executable runtime/src/iree/hal/device_group_test
[908/1523] Linking CXX executable runtime/src/iree/hal/drivers/local_task/block_builder_test
[909/1523] Linking CXX executable runtime/src/iree/hal/profile_metrics_test
[910/1523] Linking CXX executable runtime/src/iree/hal/pool_test
[911/1523] Linking CXX executable runtime/src/iree/hal/drivers/local_task/block_isa_test
[912/1523] Linking CXX executable runtime/src/iree/hal/drivers/local_task/block_processor_test
[913/1523] Linking CXX executable runtime/src/iree/hal/memory/arena_test
[914/1523] Linking CXX executable runtime/src/iree/hal/local/profile_test
[915/1523] Linking CXX executable runtime/src/iree/hal/memory/passthrough_pool_test
[916/1523] Linking CXX executable runtime/src/iree/hal/memory/fixed_block_allocator_benchmark
[917/1523] Linking CXX executable runtime/src/iree/hal/memory/fixed_block_pool_test
[918/1523] Linking CXX executable runtime/src/iree/hal/buffer_view_util_test
[919/1523] Linking CXX executable runtime/src/iree/hal/memory/arena_benchmark
[920/1523] Linking CXX executable runtime/src/iree/hal/replay/dump_test
[921/1523] Linking CXX executable runtime/src/iree/hal/replay/file_test
[922/1523] Linking CXX executable runtime/src/iree/hal/memory/fixed_block_allocator_test
[923/1523] Linking CXX executable runtime/src/iree/hal/memory/tlsf_test
[924/1523] Linking CXX executable runtime/src/iree/hal/test/buffer_ref_binding_normalization_test
[925/1523] Linking CXX executable runtime/src/iree/hal/utils/statistics_sink_test
[926/1523] Linking CXX executable runtime/src/iree/hal/memory/tlsf_benchmark
[927/1523] Linking CXX executable runtime/src/iree/hal/utils/resource_set_test
[928/1523] Linking CXX executable runtime/src/iree/hal/memory/tlsf_pool_test
[929/1523] Linking CXX executable runtime/src/iree/io/memory_stream_test
[930/1523] Linking CXX executable runtime/src/iree/hal/utils/elf_format_test
[931/1523] Linking CXX executable runtime/src/iree/hal/utils/profile_file_test
[932/1523] Linking CXX static library runtime/src/iree/testing/libiree_testing_coordinated_test_main.a
[933/1523] Linking CXX executable runtime/src/iree/io/formats/gguf/gguf_parser_test
[934/1523] Linking CXX static library runtime/src/iree/testing/libiree_testing_temp_file.a
[935/1523] Linking CXX executable runtime/src/iree/io/vec_stream_test
[936/1523] Linking CXX executable runtime/src/iree/io/formats/safetensors/safetensors_parser_test
[937/1523] Linking CXX executable runtime/src/iree/hal/utils/libmpi_test
[938/1523] Linking CXX executable runtime/src/iree/io/formats/irpa/irpa_parser_test
[939/1523] Linking CXX executable runtime/src/iree/task/process_test
[940/1523] Linking CXX executable runtime/src/iree/task/topology_test
[941/1523] Linking CXX executable runtime/src/iree/task/executor_test
[942/1523] Linking CXX executable runtime/src/iree/testing/coordinated_test_test
[943/1523] Linking CXX executable runtime/src/iree/task/executor_benchmark
[944/1523] Linking CXX executable runtime/src/iree/async/platform/io_uring/cts/file_tests
[945/1523] Linking CXX executable runtime/src/iree/io/file_contents_test
[946/1523] Linking CXX executable runtime/src/iree/async/platform/posix/cts/file_tests
[947/1523] Linking CXX executable runtime/src/iree/base/testing/dynamic_library_test
[948/1523] Linking CXX executable runtime/src/iree/hal/replay/execute_test
[949/1523] Linking CXX executable runtime/src/iree/hal/replay/recorder_test
[950/1523] Building C object runtime/src/iree/tokenizer/CMakeFiles/iree_tokenizer_segmenter.objects.dir/segmenter.c.o
[951/1523] Linking C static library runtime/src/iree/tokenizer/libiree_tokenizer_segmenter.a
[952/1523] Linking C static library runtime/src/iree/tokenizer/libiree_tokenizer_model.a
[953/1523] Building C object runtime/src/iree/tokenizer/CMakeFiles/iree_tokenizer_postprocessor.objects.dir/postprocessor.c.o
[954/1523] Building C object runtime/src/iree/tokenizer/CMakeFiles/iree_tokenizer_special_tokens.objects.dir/special_tokens.c.o
[955/1523] Linking C static library runtime/src/iree/tokenizer/libiree_tokenizer_special_tokens.a
[956/1523] Building CXX object runtime/src/iree/modules/check/CMakeFiles/iree_modules_check_check.objects.dir/module.cc.o
[957/1523] Building C object runtime/src/iree/tokenizer/decoder/CMakeFiles/iree_tokenizer_decoder_passthrough.objects.dir/passthrough.c.o
[958/1523] Linking C static library runtime/src/iree/tokenizer/decoder/libiree_tokenizer_decoder_passthrough.a
[959/1523] Building C object runtime/src/iree/tokenizer/decoder/CMakeFiles/iree_tokenizer_decoder_byte_fallback.objects.dir/byte_fallback.c.o
[960/1523] Linking C static library runtime/src/iree/tokenizer/decoder/libiree_tokenizer_decoder_byte_fallback.a
[961/1523] Building C object runtime/src/iree/tokenizer/decoder/CMakeFiles/iree_tokenizer_decoder_byte_level.objects.dir/byte_level.c.o
[962/1523] Linking C static library runtime/src/iree/tokenizer/decoder/libiree_tokenizer_decoder_byte_level.a
[963/1523] Building C object runtime/src/iree/tokenizer/decoder/CMakeFiles/iree_tokenizer_decoder_ctc.objects.dir/ctc.c.o
[964/1523] Linking C static library runtime/src/iree/tokenizer/decoder/libiree_tokenizer_decoder_ctc.a
[965/1523] Building C object runtime/src/iree/tokenizer/CMakeFiles/iree_tokenizer_tokenizer.objects.dir/tokenizer.c.o
[966/1523] Building C object runtime/src/iree/tokenizer/decoder/CMakeFiles/iree_tokenizer_decoder_metaspace.objects.dir/metaspace.c.o
[967/1523] Linking C static library runtime/src/iree/tokenizer/decoder/libiree_tokenizer_decoder_metaspace.a
[968/1523] Building C object runtime/src/iree/tokenizer/decoder/CMakeFiles/iree_tokenizer_decoder_replace.objects.dir/replace.c.o
[969/1523] Linking C static library runtime/src/iree/tokenizer/decoder/libiree_tokenizer_decoder_replace.a
[970/1523] Building C object runtime/src/iree/tokenizer/decoder/CMakeFiles/iree_tokenizer_decoder_sequence.objects.dir/sequence.c.o
[971/1523] Linking C static library runtime/src/iree/tokenizer/decoder/libiree_tokenizer_decoder_sequence.a
[972/1523] Building CXX object runtime/src/iree/tokenizer/CMakeFiles/iree_tokenizer_tokenizer_test.dir/tokenizer_test.cc.o
[973/1523] Building C object runtime/src/iree/tokenizer/decoder/CMakeFiles/iree_tokenizer_decoder_strip.objects.dir/strip.c.o
[974/1523] Linking C static library runtime/src/iree/tokenizer/decoder/libiree_tokenizer_decoder_strip.a
[975/1523] Building CXX object runtime/src/iree/tokenizer/decoder/CMakeFiles/iree_tokenizer_decoder_decoder_test_util.objects.dir/decoder_test_util.cc.o
[976/1523] Linking CXX static library runtime/src/iree/tokenizer/decoder/libiree_tokenizer_decoder_decoder_test_util.a
[977/1523] Building CXX object runtime/src/iree/tokenizer/CMakeFiles/iree_tokenizer_tokenizer_benchmark.dir/tokenizer_benchmark.cc.o
[978/1523] Generating check_vmvx_local-task_success.mlir_module.vmfb from success.mlir
[979/1523] Building C object runtime/src/iree/tokenizer/decoder/CMakeFiles/iree_tokenizer_decoder_wordpiece.objects.dir/wordpiece.c.o
[980/1523] Building C object runtime/src/iree/tokenizer/format/huggingface/CMakeFiles/iree_tokenizer_format_huggingface_added_tokens_json.objects.dir/added_tokens_json.c.o
[981/1523] Linking C static library runtime/src/iree/tokenizer/decoder/libiree_tokenizer_decoder_wordpiece.a
[982/1523] Linking C static library runtime/src/iree/tokenizer/format/huggingface/libiree_tokenizer_format_huggingface_added_tokens_json.a
[983/1523] Generating check_llvm-cpu_local-task_generic_success.mlir_module.vmfb from success.mlir
[984/1523] Building C object runtime/src/iree/tokenizer/format/huggingface/CMakeFiles/iree_tokenizer_format_huggingface_decoder_json.objects.dir/decoder_json.c.o
[985/1523] Linking C static library runtime/src/iree/tokenizer/format/huggingface/libiree_tokenizer_format_huggingface_decoder_json.a
[986/1523] Building CXX object runtime/src/iree/tokenizer/decoder/CMakeFiles/iree_tokenizer_decoder_passthrough_test.dir/passthrough_test.cc.o
[987/1523] Linking CXX executable runtime/src/iree/tokenizer/decoder/passthrough_test
[988/1523] Building CXX object runtime/src/iree/tokenizer/decoder/CMakeFiles/iree_tokenizer_decoder_byte_fallback_test.dir/byte_fallback_test.cc.o
[989/1523] Building CXX object runtime/src/iree/tokenizer/CMakeFiles/iree_tokenizer_special_tokens_test.dir/special_tokens_test.cc.o
[990/1523] Building C object runtime/src/iree/tokenizer/format/huggingface/CMakeFiles/iree_tokenizer_format_huggingface_model_json.objects.dir/model_json.c.o
[991/1523] Linking CXX executable runtime/src/iree/tokenizer/special_tokens_test
[992/1523] Building CXX object runtime/src/iree/tokenizer/decoder/CMakeFiles/iree_tokenizer_decoder_byte_level_test.dir/byte_level_test.cc.o
[993/1523] Linking CXX executable runtime/src/iree/tokenizer/decoder/byte_fallback_test
[994/1523] Building CXX object runtime/src/iree/tokenizer/CMakeFiles/iree_tokenizer_tokenizer_consistency_test.dir/tokenizer_consistency_test.cc.o
[995/1523] Linking CXX executable runtime/src/iree/tokenizer/decoder/byte_level_test
[996/1523] Building CXX object runtime/src/iree/tokenizer/decoder/CMakeFiles/iree_tokenizer_decoder_replace_test.dir/replace_test.cc.o
[997/1523] Building C object runtime/src/iree/tokenizer/format/huggingface/CMakeFiles/iree_tokenizer_format_huggingface_normalizer_json.objects.dir/normalizer_json.c.o
[998/1523] Building CXX object runtime/src/iree/tokenizer/CMakeFiles/iree_tokenizer_postprocessor_test.dir/postprocessor_test.cc.o
[999/1523] Building CXX object runtime/src/iree/tokenizer/decoder/CMakeFiles/iree_tokenizer_decoder_metaspace_test.dir/metaspace_test.cc.o
[1000/1523] Linking CXX executable runtime/src/iree/tokenizer/decoder/replace_test
[1001/1523] Building C object runtime/src/iree/tokenizer/format/huggingface/CMakeFiles/iree_tokenizer_format_huggingface_postprocessor_json.objects.dir/postprocessor_json.c.o
[1002/1523] Linking CXX executable runtime/src/iree/tokenizer/decoder/metaspace_test
[1003/1523] Building CXX object runtime/src/iree/tokenizer/decoder/CMakeFiles/iree_tokenizer_decoder_ctc_test.dir/ctc_test.cc.o
[1004/1523] Building C object runtime/src/iree/tokenizer/format/huggingface/CMakeFiles/iree_tokenizer_format_huggingface_segmenter_json.objects.dir/segmenter_json.c.o
[1005/1523] Linking CXX executable runtime/src/iree/tokenizer/decoder/ctc_test
[1006/1523] Building C object runtime/src/iree/tokenizer/format/huggingface/CMakeFiles/iree_tokenizer_format_huggingface_tokenizer_json.objects.dir/tokenizer_json.c.o
[1007/1523] Building CXX object runtime/src/iree/tokenizer/decoder/CMakeFiles/iree_tokenizer_decoder_strip_test.dir/strip_test.cc.o
[1008/1523] Building CXX object runtime/src/iree/tokenizer/decoder/CMakeFiles/iree_tokenizer_decoder_sequence_test.dir/sequence_test.cc.o
[1009/1523] Building C object runtime/src/iree/tokenizer/format/tiktoken/CMakeFiles/iree_tokenizer_format_tiktoken_tiktoken.objects.dir/tiktoken.c.o
[1010/1523] Linking CXX executable runtime/src/iree/tokenizer/decoder/strip_test
[1011/1523] Building CXX object runtime/src/iree/tokenizer/CMakeFiles/iree_tokenizer_tokenizer_decode_test.dir/tokenizer_decode_test.cc.o
[1012/1523] Linking CXX executable runtime/src/iree/tokenizer/decoder/sequence_test
[1013/1523] Building C object runtime/src/iree/tokenizer/model/CMakeFiles/iree_tokenizer_model_bpe.objects.dir/bpe.c.o
[1014/1523] Building CXX object runtime/src/iree/tokenizer/format/huggingface/CMakeFiles/iree_tokenizer_format_huggingface_added_tokens_json_test.dir/added_tokens_json_test.cc.o
[1015/1523] Building C object runtime/src/iree/tokenizer/model/CMakeFiles/iree_tokenizer_model_bpe.objects.dir/bpe_cache.c.o
[1016/1523] Linking CXX executable runtime/src/iree/tokenizer/format/huggingface/added_tokens_json_test
[1017/1523] Building C object runtime/src/iree/tokenizer/model/CMakeFiles/iree_tokenizer_model_bpe.objects.dir/bpe_window.c.o
[1018/1523] Building C object runtime/src/iree/tokenizer/model/CMakeFiles/iree_tokenizer_model_bpe.objects.dir/bpe_encode.c.o
[1019/1523] Building C object runtime/src/iree/tokenizer/model/CMakeFiles/iree_tokenizer_model_bpe.objects.dir/bpe_backtrack.c.o
[1020/1523] Building C object runtime/src/iree/tokenizer/model/CMakeFiles/iree_tokenizer_model_bpe.objects.dir/bpe_tables.c.o
[1021/1523] Building CXX object runtime/src/iree/tokenizer/format/huggingface/CMakeFiles/iree_tokenizer_format_huggingface_decoder_json_test.dir/decoder_json_test.cc.o
[1022/1523] Building CXX object runtime/src/iree/tokenizer/decoder/CMakeFiles/iree_tokenizer_decoder_wordpiece_test.dir/wordpiece_test.cc.o
[1023/1523] Linking CXX executable runtime/src/iree/tokenizer/format/huggingface/decoder_json_test
[1024/1523] Linking CXX executable runtime/src/iree/tokenizer/decoder/wordpiece_test
[1025/1523] Building C object runtime/src/iree/tokenizer/model/CMakeFiles/iree_tokenizer_model_wordpiece.objects.dir/wordpiece.c.o
[1026/1523] Building C object runtime/src/iree/tokenizer/model/CMakeFiles/iree_tokenizer_model_bpe_heap.objects.dir/bpe_heap.c.o
[1027/1523] Linking C static library runtime/src/iree/tokenizer/model/libiree_tokenizer_model_bpe_heap.a
[1028/1523] Building CXX object runtime/src/iree/tokenizer/model/CMakeFiles/iree_tokenizer_model_bpe_heap_benchmark.dir/bpe_heap_benchmark.cc.o
[1029/1523] Building C object runtime/src/iree/tokenizer/model/CMakeFiles/iree_tokenizer_model_unigram.objects.dir/unigram.c.o
[1030/1523] Linking CXX executable runtime/src/iree/tokenizer/model/bpe_heap_benchmark
[1031/1523] Building C object runtime/src/iree/tokenizer/normalizer/CMakeFiles/iree_tokenizer_normalizer_passthrough.objects.dir/passthrough.c.o
[1032/1523] Linking C static library runtime/src/iree/tokenizer/normalizer/libiree_tokenizer_normalizer_passthrough.a
[1033/1523] Building C object runtime/src/iree/tokenizer/normalizer/CMakeFiles/iree_tokenizer_normalizer_deferred.objects.dir/deferred.c.o
[1034/1523] Linking C static library runtime/src/iree/tokenizer/normalizer/libiree_tokenizer_normalizer_deferred.a
[1035/1523] Building C object runtime/src/iree/tokenizer/normalizer/CMakeFiles/iree_tokenizer_normalizer_bert.objects.dir/bert.c.o
[1036/1523] Building CXX object runtime/src/iree/tokenizer/model/CMakeFiles/iree_tokenizer_model_model_test_util.objects.dir/model_test_util.cc.o
[1037/1523] Linking C static library runtime/src/iree/tokenizer/normalizer/libiree_tokenizer_normalizer_bert.a
[1038/1523] Building CXX object runtime/src/iree/tokenizer/model/CMakeFiles/iree_tokenizer_model_bpe_heap_test.dir/bpe_heap_test.cc.o
[1039/1523] Building C object runtime/src/iree/tokenizer/normalizer/CMakeFiles/iree_tokenizer_normalizer_lowercase.objects.dir/lowercase.c.o
[1040/1523] Linking C static library runtime/src/iree/tokenizer/normalizer/libiree_tokenizer_normalizer_lowercase.a
[1041/1523] Linking CXX executable runtime/src/iree/tokenizer/model/bpe_heap_test
[1042/1523] Building CXX object runtime/src/iree/tokenizer/format/huggingface/CMakeFiles/iree_tokenizer_format_huggingface_postprocessor_json_test.dir/postprocessor_json_test.cc.o
[1043/1523] Building CXX object runtime/src/iree/tokenizer/format/huggingface/CMakeFiles/iree_tokenizer_format_huggingface_model_json_test.dir/model_json_test.cc.o
[1044/1523] Building CXX object runtime/src/iree/tokenizer/format/huggingface/CMakeFiles/iree_tokenizer_format_huggingface_normalizer_json_test.dir/normalizer_json_test.cc.o
[1045/1523] Building C object runtime/src/iree/tokenizer/normalizer/CMakeFiles/iree_tokenizer_normalizer_nfc.objects.dir/nfc.c.o
[1046/1523] Linking C static library runtime/src/iree/tokenizer/normalizer/libiree_tokenizer_normalizer_nfc.a
[1047/1523] Building C object runtime/src/iree/tokenizer/normalizer/CMakeFiles/iree_tokenizer_normalizer_nfd.objects.dir/nfd.c.o
[1048/1523] Linking C static library runtime/src/iree/tokenizer/normalizer/libiree_tokenizer_normalizer_nfd.a
[1049/1523] Building C object runtime/src/iree/tokenizer/normalizer/CMakeFiles/iree_tokenizer_normalizer_nfkd.objects.dir/nfkd.c.o
[1050/1523] Linking C static library runtime/src/iree/tokenizer/normalizer/libiree_tokenizer_normalizer_nfkd.a
[1051/1523] Building C object runtime/src/iree/tokenizer/normalizer/CMakeFiles/iree_tokenizer_normalizer_precompiled.objects.dir/precompiled.c.o
[1052/1523] Linking C static library runtime/src/iree/tokenizer/normalizer/libiree_tokenizer_normalizer_precompiled.a
[1053/1523] Building CXX object runtime/src/iree/tokenizer/format/tiktoken/CMakeFiles/iree_tokenizer_format_tiktoken_tiktoken_test.dir/tiktoken_test.cc.o
[1054/1523] Building CXX object runtime/src/iree/tokenizer/model/CMakeFiles/iree_tokenizer_model_bpe_backtrack_test.dir/bpe_backtrack_test.cc.o
[1055/1523] Building C object runtime/src/iree/tokenizer/normalizer/CMakeFiles/iree_tokenizer_normalizer_prepend.objects.dir/prepend.c.o
[1056/1523] Linking C static library runtime/src/iree/tokenizer/normalizer/libiree_tokenizer_normalizer_prepend.a
[1057/1523] Building CXX object runtime/src/iree/tokenizer/normalizer/CMakeFiles/iree_tokenizer_normalizer_normalizer_test_util.objects.dir/normalizer_test_util.cc.o
[1058/1523] Linking CXX static library runtime/src/iree/tokenizer/normalizer/libiree_tokenizer_normalizer_normalizer_test_util.a
[1059/1523] Building C object runtime/src/iree/tokenizer/normalizer/CMakeFiles/iree_tokenizer_normalizer_replace.objects.dir/replace.c.o
[1060/1523] Building CXX object runtime/src/iree/tokenizer/model/CMakeFiles/iree_tokenizer_model_wordpiece_test.dir/wordpiece_test.cc.o
[1061/1523] Linking C static library runtime/src/iree/tokenizer/normalizer/libiree_tokenizer_normalizer_replace.a
[1062/1523] Building C object runtime/src/iree/tokenizer/normalizer/CMakeFiles/iree_tokenizer_normalizer_regex_replace.objects.dir/regex_replace.c.o
[1063/1523] Building CXX object runtime/src/iree/tokenizer/format/huggingface/CMakeFiles/iree_tokenizer_format_huggingface_tokenizer_json_test.dir/tokenizer_json_test.cc.o
[1064/1523] Building CXX object runtime/src/iree/tokenizer/format/huggingface/CMakeFiles/iree_tokenizer_format_huggingface_segmenter_json_test.dir/segmenter_json_test.cc.o
[1065/1523] Building C object runtime/src/iree/tokenizer/normalizer/CMakeFiles/iree_tokenizer_normalizer_sequence.objects.dir/sequence.c.o
[1066/1523] Building CXX object runtime/src/iree/tokenizer/normalizer/CMakeFiles/iree_tokenizer_normalizer_passthrough_test.dir/passthrough_test.cc.o
[1067/1523] Building C object runtime/src/iree/tokenizer/normalizer/CMakeFiles/iree_tokenizer_normalizer_strip.objects.dir/strip.c.o
[1068/1523] Linking C static library runtime/src/iree/tokenizer/normalizer/libiree_tokenizer_normalizer_sequence.a
[1069/1523] Linking C static library runtime/src/iree/tokenizer/normalizer/libiree_tokenizer_normalizer_strip.a
[1070/1523] Linking CXX executable runtime/src/iree/tokenizer/normalizer/passthrough_test
[1071/1523] Building C object runtime/src/iree/tokenizer/normalizer/CMakeFiles/iree_tokenizer_normalizer_strip_accents.objects.dir/strip_accents.c.o
[1072/1523] Linking C static library runtime/src/iree/tokenizer/normalizer/libiree_tokenizer_normalizer_strip_accents.a
[1073/1523] Building C object runtime/src/iree/tokenizer/regex/CMakeFiles/iree_tokenizer_regex_exec.objects.dir/exec.c.o
[1074/1523] Building CXX object runtime/src/iree/tokenizer/normalizer/CMakeFiles/iree_tokenizer_normalizer_lowercase_test.dir/lowercase_test.cc.o
[1075/1523] Linking C static library runtime/src/iree/tokenizer/regex/libiree_tokenizer_regex_exec.a
[1076/1523] Linking CXX executable runtime/src/iree/tokenizer/normalizer/lowercase_test
[1077/1523] Building CXX object runtime/src/iree/tokenizer/normalizer/CMakeFiles/iree_tokenizer_normalizer_nfd_test.dir/nfd_test.cc.o
[1078/1523] Building CXX object runtime/src/iree/tokenizer/model/CMakeFiles/iree_tokenizer_model_unigram_test.dir/unigram_test.cc.o
[1079/1523] Linking CXX executable runtime/src/iree/tokenizer/normalizer/nfd_test
[1080/1523] Building C object runtime/src/iree/tokenizer/regex/CMakeFiles/iree_tokenizer_regex_internal_lexer.objects.dir/internal/lexer.c.o
[1081/1523] Building C object runtime/src/iree/tokenizer/regex/CMakeFiles/iree_tokenizer_regex_internal_parser.objects.dir/internal/parser.c.o
[1082/1523] Linking C static library runtime/src/iree/tokenizer/regex/libiree_tokenizer_regex_internal_lexer.a
[1083/1523] Building CXX object runtime/src/iree/tokenizer/normalizer/CMakeFiles/iree_tokenizer_normalizer_nfkd_test.dir/nfkd_test.cc.o
[1084/1523] Linking C static library runtime/src/iree/tokenizer/regex/libiree_tokenizer_regex_internal_parser.a
[1085/1523] Linking CXX executable runtime/src/iree/tokenizer/normalizer/nfkd_test
[1086/1523] Building CXX object runtime/src/iree/tokenizer/normalizer/CMakeFiles/iree_tokenizer_normalizer_bert_test.dir/bert_test.cc.o
[1087/1523] Building C object runtime/src/iree/tokenizer/regex/CMakeFiles/iree_tokenizer_regex_internal_nfa.objects.dir/internal/nfa.c.o
[1088/1523] Linking C static library runtime/src/iree/tokenizer/regex/libiree_tokenizer_regex_internal_nfa.a
[1089/1523] Linking CXX executable runtime/src/iree/tokenizer/normalizer/bert_test
[1090/1523] Building C object runtime/src/iree/tokenizer/regex/CMakeFiles/iree_tokenizer_regex_internal_dfa.objects.dir/internal/dfa.c.o
[1091/1523] Building C object runtime/src/iree/tokenizer/regex/CMakeFiles/iree_tokenizer_regex_compile.objects.dir/compile.c.o
[1092/1523] Linking C static library runtime/src/iree/tokenizer/regex/libiree_tokenizer_regex_internal_dfa.a
[1093/1523] Linking C static library runtime/src/iree/tokenizer/regex/libiree_tokenizer_regex_compile.a
[1094/1523] Linking C static library runtime/src/iree/tokenizer/normalizer/libiree_tokenizer_normalizer_regex_replace.a
[1095/1523] Building CXX object runtime/src/iree/tokenizer/normalizer/CMakeFiles/iree_tokenizer_normalizer_nfc_test.dir/nfc_test.cc.o
[1096/1523] Linking C static library runtime/src/iree/tokenizer/format/huggingface/libiree_tokenizer_format_huggingface_normalizer_json.a
[1097/1523] Linking CXX executable runtime/src/iree/tokenizer/format/huggingface/normalizer_json_test
[1098/1523] Linking CXX executable runtime/src/iree/tokenizer/normalizer/nfc_test
[1099/1523] Building C object runtime/src/iree/tokenizer/segmenter/CMakeFiles/iree_tokenizer_segmenter_passthrough.objects.dir/passthrough.c.o
[1100/1523] Linking C static library runtime/src/iree/tokenizer/segmenter/libiree_tokenizer_segmenter_passthrough.a
[1101/1523] Building CXX object runtime/src/iree/tokenizer/regex/CMakeFiles/iree_tokenizer_regex_exec_benchmark.dir/exec_benchmark.cc.o
[1102/1523] Building C object runtime/src/iree/tokenizer/segmenter/CMakeFiles/iree_tokenizer_segmenter_bert.objects.dir/bert.c.o
[1103/1523] Linking C static library runtime/src/iree/tokenizer/segmenter/libiree_tokenizer_segmenter_bert.a
[1104/1523] Linking CXX executable runtime/src/iree/tokenizer/regex/exec_benchmark
[1105/1523] Building CXX object runtime/src/iree/tokenizer/normalizer/CMakeFiles/iree_tokenizer_normalizer_prepend_test.dir/prepend_test.cc.o
[1106/1523] Building CXX object runtime/src/iree/tokenizer/normalizer/CMakeFiles/iree_tokenizer_normalizer_precompiled_test.dir/precompiled_test.cc.o
[1107/1523] Linking CXX executable runtime/src/iree/tokenizer/normalizer/prepend_test
[1108/1523] Building CXX object runtime/src/iree/tokenizer/normalizer/CMakeFiles/iree_tokenizer_normalizer_regex_replace_test.dir/regex_replace_test.cc.o
[1109/1523] Building CXX object runtime/src/iree/tokenizer/regex/CMakeFiles/iree_tokenizer_regex_compile_benchmark.dir/compile_benchmark.cc.o
[1110/1523] Building C object runtime/src/iree/tokenizer/segmenter/CMakeFiles/iree_tokenizer_segmenter_digits.objects.dir/digits.c.o
[1111/1523] Linking CXX executable runtime/src/iree/tokenizer/normalizer/precompiled_test
[1112/1523] Linking C static library runtime/src/iree/tokenizer/segmenter/libiree_tokenizer_segmenter_digits.a
[1113/1523] Building CXX object runtime/src/iree/tokenizer/normalizer/CMakeFiles/iree_tokenizer_normalizer_replace_test.dir/replace_test.cc.o
[1114/1523] Linking CXX executable runtime/src/iree/tokenizer/normalizer/regex_replace_test
[1115/1523] Linking CXX executable runtime/src/iree/tokenizer/regex/compile_benchmark
[1116/1523] Linking CXX executable runtime/src/iree/tokenizer/normalizer/replace_test
[1117/1523] Building CXX object runtime/src/iree/tokenizer/model/CMakeFiles/iree_tokenizer_model_bpe_test.dir/bpe_test.cc.o
[1118/1523] Building C object runtime/src/iree/tokenizer/segmenter/CMakeFiles/iree_tokenizer_segmenter_metaspace.objects.dir/metaspace.c.o
[1119/1523] Building CXX object runtime/src/iree/tokenizer/normalizer/CMakeFiles/iree_tokenizer_normalizer_strip_accents_test.dir/strip_accents_test.cc.o
[1120/1523] Linking C static library runtime/src/iree/tokenizer/segmenter/libiree_tokenizer_segmenter_metaspace.a
[1121/1523] Linking CXX executable runtime/src/iree/tokenizer/normalizer/strip_accents_test
[1122/1523] Building CXX object runtime/src/iree/tokenizer/normalizer/CMakeFiles/iree_tokenizer_normalizer_strip_test.dir/strip_test.cc.o
[1123/1523] Building C object runtime/src/iree/tokenizer/segmenter/CMakeFiles/iree_tokenizer_segmenter_punctuation.objects.dir/punctuation.c.o
[1124/1523] Linking C static library runtime/src/iree/tokenizer/segmenter/libiree_tokenizer_segmenter_punctuation.a
[1125/1523] Building C object runtime/src/iree/tokenizer/segmenter/CMakeFiles/iree_tokenizer_segmenter_sequence.objects.dir/sequence.c.o
[1126/1523] Linking C static library runtime/src/iree/tokenizer/segmenter/libiree_tokenizer_segmenter_sequence.a
[1127/1523] Generating streaming_testdata.h, streaming_testdata.c
[1128/1523] Linking CXX executable runtime/src/iree/tokenizer/normalizer/strip_test
[1129/1523] Building C object runtime/src/iree/tokenizer/segmenter/CMakeFiles/iree_tokenizer_segmenter_split.objects.dir/split.c.o
[1130/1523] Linking C static library runtime/src/iree/tokenizer/segmenter/libiree_tokenizer_segmenter_split.a
[1131/1523] Building CXX object runtime/src/iree/tokenizer/normalizer/CMakeFiles/iree_tokenizer_normalizer_sequence_test.dir/sequence_test.cc.o
[1132/1523] Building C object runtime/src/iree/tokenizer/segmenter/CMakeFiles/iree_tokenizer_segmenter_whitespace.objects.dir/whitespace.c.o
[1133/1523] Linking C static library runtime/src/iree/tokenizer/segmenter/libiree_tokenizer_segmenter_whitespace.a
[1134/1523] Linking C static library runtime/src/iree/tokenizer/format/huggingface/libiree_tokenizer_format_huggingface_segmenter_json.a
[1135/1523] Linking CXX executable runtime/src/iree/tokenizer/normalizer/sequence_test
[1136/1523] Building C object runtime/src/iree/tokenizer/testdata/CMakeFiles/iree_tokenizer_testdata_streaming_testdata.objects.dir/streaming_testdata.c.o
[1137/1523] Linking C static library runtime/src/iree/tokenizer/testdata/libiree_tokenizer_testdata_streaming_testdata.a
[1138/1523] Linking CXX executable runtime/src/iree/tokenizer/format/huggingface/segmenter_json_test
[1139/1523] Building C object runtime/src/iree/tokenizer/testing/CMakeFiles/iree_tokenizer_testing_fuzzing_util.objects.dir/fuzzing_util.c.o
[1140/1523] Building C object runtime/src/iree/tokenizer/vocab/CMakeFiles/iree_tokenizer_vocab_vocab.objects.dir/vocab.c.o
[1141/1523] Building CXX object runtime/src/iree/tokenizer/segmenter/CMakeFiles/iree_tokenizer_segmenter_segmenter_test_util.objects.dir/segmenter_test_util.cc.o
[1142/1523] Building C object runtime/src/iree/tokenizer/vocab/CMakeFiles/iree_tokenizer_vocab_vocab_builder.objects.dir/vocab_builder.c.o
[1143/1523] Linking CXX static library runtime/src/iree/tokenizer/segmenter/libiree_tokenizer_segmenter_segmenter_test_util.a
[1144/1523] Building CXX object runtime/src/iree/tokenizer/segmenter/CMakeFiles/iree_tokenizer_segmenter_passthrough_test.dir/passthrough_test.cc.o
[1145/1523] Building C object runtime/src/iree/tokenizer/vocab/CMakeFiles/iree_tokenizer_vocab_vocab_hash.objects.dir/vocab_hash.c.o
[1146/1523] Linking C static library runtime/src/iree/tokenizer/vocab/libiree_tokenizer_vocab_vocab_hash.a
[1147/1523] Linking C static library runtime/src/iree/tokenizer/vocab/libiree_tokenizer_vocab_vocab.a
[1148/1523] Linking C static library runtime/src/iree/tokenizer/libiree_tokenizer_postprocessor.a
[1149/1523] Linking CXX executable runtime/src/iree/tokenizer/segmenter/passthrough_test
[1150/1523] Linking C static library runtime/src/iree/tokenizer/libiree_tokenizer_tokenizer.a
[1151/1523] Linking CXX executable runtime/src/iree/tokenizer/postprocessor_test
[1152/1523] Linking C static library runtime/src/iree/tokenizer/format/huggingface/libiree_tokenizer_format_huggingface_postprocessor_json.a
[1153/1523] Linking C static library runtime/src/iree/tokenizer/model/libiree_tokenizer_model_wordpiece.a
[1154/1523] Linking C static library runtime/src/iree/tokenizer/vocab/libiree_tokenizer_vocab_vocab_builder.a
[1155/1523] Linking CXX static library runtime/src/iree/tokenizer/model/libiree_tokenizer_model_model_test_util.a
[1156/1523] Linking CXX executable runtime/src/iree/tokenizer/format/huggingface/postprocessor_json_test
[1157/1523] Linking CXX executable runtime/src/iree/tokenizer/model/wordpiece_test
[1158/1523] Building CXX object runtime/src/iree/tokenizer/segmenter/CMakeFiles/iree_tokenizer_segmenter_digits_test.dir/digits_test.cc.o
[1159/1523] Building CXX object runtime/src/iree/tokenizer/vocab/CMakeFiles/iree_tokenizer_vocab_vocab_hash_benchmark.dir/vocab_hash_benchmark.cc.o
[1160/1523] Linking CXX executable runtime/src/iree/tokenizer/segmenter/digits_test
[1161/1523] Building CXX object runtime/src/iree/tokenizer/segmenter/CMakeFiles/iree_tokenizer_segmenter_bert_test.dir/bert_test.cc.o
[1162/1523] Linking CXX executable runtime/src/iree/tokenizer/vocab/vocab_hash_benchmark
[1163/1523] Building C object runtime/src/iree/tokenizer/vocab/CMakeFiles/iree_tokenizer_vocab_vocab_merge_hash.objects.dir/vocab_merge_hash.c.o
[1164/1523] Linking CXX executable runtime/src/iree/tokenizer/segmenter/bert_test
[1165/1523] Linking C static library runtime/src/iree/tokenizer/vocab/libiree_tokenizer_vocab_vocab_merge_hash.a
[1166/1523] Building CXX object runtime/src/iree/tokenizer/regex/CMakeFiles/iree_tokenizer_regex_compile_test.dir/compile_test.cc.o
[1167/1523] Building CXX object runtime/src/iree/tokenizer/tools/CMakeFiles/iree_tokenizer_tools_comprehensive_benchmark.dir/comprehensive_benchmark.cc.o
[1168/1523] Building CXX object runtime/src/iree/tokenizer/CMakeFiles/iree_tokenizer_tokenizer_encode_test.dir/tokenizer_encode_test.cc.o
[1169/1523] Linking CXX executable runtime/src/iree/tokenizer/regex/compile_test
[1170/1523] Building CXX object runtime/src/iree/tokenizer/vocab/CMakeFiles/iree_tokenizer_vocab_vocab_test.dir/vocab_test.cc.o
[1171/1523] Building C object runtime/src/iree/tokenizer/vocab/CMakeFiles/iree_tokenizer_vocab_vocab_trie.objects.dir/vocab_trie.c.o
[1172/1523] Linking C static library runtime/src/iree/tokenizer/vocab/libiree_tokenizer_vocab_vocab_trie.a
[1173/1523] Linking CXX executable runtime/src/iree/tokenizer/vocab/vocab_test
[1174/1523] Linking C static library runtime/src/iree/tokenizer/model/libiree_tokenizer_model_bpe.a
[1175/1523] Linking C static library runtime/src/iree/tokenizer/model/libiree_tokenizer_model_unigram.a
[1176/1523] Linking CXX executable runtime/src/iree/tokenizer/tokenizer_test
[1177/1523] Linking CXX executable runtime/src/iree/tokenizer/tokenizer_decode_test
[1178/1523] Linking CXX executable runtime/src/iree/tokenizer/tokenizer_encode_test
[1179/1523] Linking CXX executable runtime/src/iree/tokenizer/tokenizer_consistency_test
[1180/1523] Linking C static library runtime/src/iree/tokenizer/format/huggingface/libiree_tokenizer_format_huggingface_model_json.a
[1181/1523] Building C object runtime/src/iree/tooling/CMakeFiles/iree_tooling_buffer_view_matchers.objects.dir/buffer_view_matchers.c.o
[1182/1523] Linking CXX executable runtime/src/iree/tokenizer/tokenizer_benchmark
[1183/1523] Building CXX object runtime/src/iree/tokenizer/segmenter/CMakeFiles/iree_tokenizer_segmenter_punctuation_test.dir/punctuation_test.cc.o
[1184/1523] Linking C static library runtime/src/iree/tokenizer/format/huggingface/libiree_tokenizer_format_huggingface_tokenizer_json.a
[1185/1523] Linking C static library runtime/src/iree/tokenizer/format/tiktoken/libiree_tokenizer_format_tiktoken_tiktoken.a
[1186/1523] Linking CXX executable runtime/src/iree/tokenizer/format/huggingface/model_json_test
[1187/1523] Building CXX object runtime/src/iree/tooling/CMakeFiles/iree_tooling_comparison.objects.dir/comparison.cc.o
[1188/1523] Linking C executable tools/iree-tokenize
[1189/1523] Building CXX object runtime/src/iree/tokenizer/segmenter/CMakeFiles/iree_tokenizer_segmenter_metaspace_test.dir/metaspace_test.cc.o
[1190/1523] Linking CXX executable runtime/src/iree/tokenizer/format/huggingface/tokenizer_json_test
[1191/1523] Linking CXX executable runtime/src/iree/tokenizer/model/bpe_backtrack_test
[1192/1523] Linking CXX executable runtime/src/iree/tokenizer/model/unigram_test
[1193/1523] Linking CXX executable runtime/src/iree/tokenizer/model/bpe_test
[1194/1523] Linking C static library runtime/src/iree/tokenizer/testing/libiree_tokenizer_testing_fuzzing_util.a
[1195/1523] Linking C static library runtime/src/iree/tooling/libiree_tooling_buffer_view_matchers.a
[1196/1523] Linking CXX executable runtime/src/iree/tokenizer/segmenter/punctuation_test
[1197/1523] Linking CXX executable runtime/src/iree/tokenizer/format/tiktoken/tiktoken_test
[1198/1523] Linking CXX executable runtime/src/iree/tokenizer/segmenter/metaspace_test
[1199/1523] Linking CXX executable runtime/src/iree/tokenizer/tools/comprehensive_benchmark
[1200/1523] Building CXX object runtime/src/iree/tokenizer/vocab/CMakeFiles/iree_tokenizer_vocab_vocab_trie_benchmark.dir/vocab_trie_benchmark.cc.o
[1201/1523] Linking CXX executable runtime/src/iree/tokenizer/vocab/vocab_trie_benchmark
[1202/1523] Building CXX object runtime/src/iree/tokenizer/segmenter/CMakeFiles/iree_tokenizer_segmenter_whitespace_test.dir/whitespace_test.cc.o
[1203/1523] Building C object runtime/src/iree/tooling/CMakeFiles/iree_tooling_function_util.objects.dir/function_util.c.o
[1204/1523] Building C object runtime/src/iree/tooling/CMakeFiles/iree_tooling_instrument_util.objects.dir/instrument_util.c.o
[1205/1523] Linking CXX executable runtime/src/iree/tokenizer/segmenter/whitespace_test
[1206/1523] Building C object runtime/src/iree/tooling/CMakeFiles/iree_tooling_function_io.objects.dir/function_io.c.o
[1207/1523] Building CXX object runtime/src/iree/tokenizer/segmenter/CMakeFiles/iree_tokenizer_segmenter_sequence_test.dir/sequence_test.cc.o
[1208/1523] Building C object runtime/src/iree/tooling/CMakeFiles/iree_tooling_numpy_io.objects.dir/numpy_io.c.o
[1209/1523] Linking C static library runtime/src/iree/tooling/libiree_tooling_numpy_io.a
[1210/1523] Building C object runtime/src/iree/tooling/CMakeFiles/iree_tooling_parameter_util.objects.dir/parameter_util.c.o
[1211/1523] Linking CXX executable runtime/src/iree/tokenizer/segmenter/sequence_test
[1212/1523] Building C object runtime/src/iree/tooling/CMakeFiles/iree_tooling_process_results.objects.dir/process_results.c.o
[1213/1523] Building C object runtime/src/iree/tooling/modules/CMakeFiles/iree_tooling_modules_modules.objects.dir/resolver.c.o
[1214/1523] Building C object runtime/src/iree/tooling/profile/CMakeFiles/iree_tooling_profile_common.objects.dir/common.c.o
[1215/1523] Building C object runtime/src/iree/tooling/profile/CMakeFiles/iree_tooling_profile_reader.objects.dir/reader.c.o
[1216/1523] Linking C static library runtime/src/iree/tooling/profile/libiree_tooling_profile_common.a
[1217/1523] Linking C static library runtime/src/iree/tooling/profile/libiree_tooling_profile_reader.a
[1218/1523] Building CXX object runtime/src/iree/tokenizer/vocab/CMakeFiles/iree_tokenizer_vocab_vocab_merge_hash_test.dir/vocab_merge_hash_test.cc.o
[1219/1523] Building C object runtime/src/iree/tooling/profile/CMakeFiles/iree_tooling_profile_queue_query.objects.dir/queue_query.c.o
[1220/1523] Linking CXX executable runtime/src/iree/tokenizer/vocab/vocab_merge_hash_test
[1221/1523] Building C object runtime/src/iree/tooling/profile/CMakeFiles/iree_tooling_profile_model.objects.dir/model.c.o
[1222/1523] Building CXX object runtime/src/iree/tokenizer/vocab/CMakeFiles/iree_tokenizer_vocab_vocab_hash_test.dir/vocab_hash_test.cc.o
[1223/1523] Linking C static library runtime/src/iree/tooling/profile/libiree_tooling_profile_model.a
[1224/1523] Building C object runtime/src/iree/tooling/profile/CMakeFiles/iree_tooling_profile_dispatch.objects.dir/dispatch.c.o
[1225/1523] Linking C static library runtime/src/iree/tooling/profile/libiree_tooling_profile_queue_query.a
[1226/1523] Building C object runtime/src/iree/tooling/profile/CMakeFiles/iree_tooling_profile_counter.objects.dir/counter.c.o
[1227/1523] Linking C static library runtime/src/iree/tooling/profile/libiree_tooling_profile_dispatch.a
[1228/1523] Linking C static library runtime/src/iree/tooling/profile/libiree_tooling_profile_counter.a
[1229/1523] Linking CXX executable runtime/src/iree/tokenizer/vocab/vocab_hash_test
[1230/1523] Building C object runtime/src/iree/tooling/profile/CMakeFiles/iree_tooling_profile_cat.objects.dir/cat.c.o
[1231/1523] Building C object runtime/src/iree/tooling/profile/CMakeFiles/iree_tooling_profile_statistics.objects.dir/statistics.c.o
[1232/1523] Linking C static library runtime/src/iree/tooling/profile/libiree_tooling_profile_cat.a
[1233/1523] Linking C static library runtime/src/iree/tooling/profile/libiree_tooling_profile_statistics.a
[1234/1523] Building C object runtime/src/iree/tooling/profile/CMakeFiles/iree_tooling_profile_memory.objects.dir/memory.c.o
[1235/1523] Linking C static library runtime/src/iree/tooling/profile/libiree_tooling_profile_memory.a
[1236/1523] Building C object runtime/src/iree/tooling/profile/CMakeFiles/iree_tooling_profile_summary.objects.dir/summary.c.o
[1237/1523] Building CXX object runtime/src/iree/tokenizer/vocab/CMakeFiles/iree_tokenizer_vocab_vocab_builder_test.dir/vocab_builder_test.cc.o
[1238/1523] Linking C static library runtime/src/iree/tooling/profile/libiree_tooling_profile_summary.a
[1239/1523] Linking CXX executable runtime/src/iree/tokenizer/vocab/vocab_builder_test
[1240/1523] Building C object runtime/src/iree/tooling/profile/CMakeFiles/iree_tooling_profile_help.objects.dir/help.c.o
[1241/1523] Linking C static library runtime/src/iree/tooling/profile/libiree_tooling_profile_help.a
[1242/1523] Building C object runtime/src/iree/tooling/profile/CMakeFiles/iree_tooling_profile_commands.objects.dir/commands.c.o
[1243/1523] Building C object runtime/src/iree/tooling/profile/CMakeFiles/iree_tooling_profile_explain.objects.dir/explain.c.o
[1244/1523] Building C object runtime/src/iree/tooling/profile/CMakeFiles/iree_tooling_profile_projection.objects.dir/projection.c.o
[1245/1523] Linking C static library runtime/src/iree/tooling/profile/libiree_tooling_profile_explain.a
[1246/1523] Linking C static library runtime/src/iree/tooling/profile/libiree_tooling_profile_projection.a
[1247/1523] Building C object runtime/src/iree/tooling/profile/CMakeFiles/iree_tooling_profile_export.objects.dir/export.c.o
[1248/1523] Linking C static library runtime/src/iree/tooling/profile/libiree_tooling_profile_export.a
[1249/1523] Linking C static library runtime/src/iree/tooling/profile/libiree_tooling_profile_commands.a
[1250/1523] Linking C executable tools/iree-profile
[1251/1523] Generating npy_files.h, npy_files.c
[1252/1523] Building C object runtime/src/iree/tooling/testdata/npy/CMakeFiles/iree_tooling_testdata_npy_npy.objects.dir/npy_files.c.o
[1253/1523] Linking C static library runtime/src/iree/tooling/testdata/npy/libiree_tooling_testdata_npy_npy.a
[1254/1523] Building CXX object runtime/src/iree/tokenizer/regex/CMakeFiles/iree_tokenizer_regex_exec_test.dir/exec_test.cc.o
[1255/1523] Building C object runtime/src/iree/tooling/profile/CMakeFiles/iree_tooling_profile_test_fixture_generator.dir/test_fixture_generator.c.o
[1256/1523] Building CXX object runtime/src/iree/tooling/CMakeFiles/iree_tooling_function_io_test.dir/function_io_test.cc.o
[1257/1523] Linking C executable runtime/src/iree/tooling/profile/test_fixture_generator
[1258/1523] Building CXX object runtime/src/iree/tooling/CMakeFiles/iree_tooling_comparison_test.dir/comparison_test.cc.o
[1259/1523] Linking CXX executable runtime/src/iree/tokenizer/regex/exec_test
[1260/1523] Building CXX object runtime/src/iree/tokenizer/vocab/CMakeFiles/iree_tokenizer_vocab_vocab_trie_test.dir/vocab_trie_test.cc.o
[1261/1523] Linking CXX executable runtime/src/iree/tokenizer/vocab/vocab_trie_test
[1262/1523] Building C object runtime/src/iree/vm/CMakeFiles/iree_vm_impl.objects.dir/buffer.c.o
[1263/1523] Building C object runtime/src/iree/vm/CMakeFiles/iree_vm_impl.objects.dir/instance.c.o
[1264/1523] Building C object runtime/src/iree/vm/CMakeFiles/iree_vm_impl.objects.dir/context.c.o
[1265/1523] Building CXX object runtime/src/iree/tokenizer/segmenter/CMakeFiles/iree_tokenizer_segmenter_split_test.dir/split_test.cc.o
[1266/1523] Building CXX object runtime/src/iree/tokenizer/CMakeFiles/iree_tokenizer_tokenizer_huggingface_test.dir/tokenizer_huggingface_test.cc.o
[1267/1523] Building C object runtime/src/iree/vm/CMakeFiles/iree_vm_impl.objects.dir/invocation.c.o
[1268/1523] Building C object runtime/src/iree/vm/CMakeFiles/iree_vm_impl.objects.dir/loop.c.o
[1269/1523] Linking CXX executable runtime/src/iree/tokenizer/segmenter/split_test
[1270/1523] Building C object runtime/src/iree/vm/CMakeFiles/iree_vm_impl.objects.dir/list.c.o
[1271/1523] Linking CXX executable runtime/src/iree/tokenizer/tokenizer_huggingface_test
[1272/1523] Building CXX object runtime/src/iree/tooling/profile/CMakeFiles/iree_tooling_profile_common_test.dir/common_test.cc.o
[1273/1523] Building C object runtime/src/iree/vm/CMakeFiles/iree_vm_impl.objects.dir/loop_inline.c.o
[1274/1523] Linking CXX executable runtime/src/iree/tooling/profile/common_test
[1275/1523] Building C object runtime/src/iree/vm/CMakeFiles/iree_vm_impl.objects.dir/module.c.o
[1276/1523] Building C object runtime/src/iree/vm/CMakeFiles/iree_vm_impl.objects.dir/native_module.c.o
[1277/1523] Building C object runtime/src/iree/vm/CMakeFiles/iree_vm_impl.objects.dir/ref.c.o
[1278/1523] Building CXX object runtime/src/iree/tooling/profile/CMakeFiles/iree_tooling_profile_counter_test.dir/counter_test.cc.o
[1279/1523] Building CXX object runtime/src/iree/tooling/CMakeFiles/iree_tooling_buffer_view_matchers_test.dir/buffer_view_matchers_test.cc.o
[1280/1523] Building C object runtime/src/iree/vm/CMakeFiles/iree_vm_impl.objects.dir/stack.c.o
[1281/1523] Linking CXX executable runtime/src/iree/tooling/profile/counter_test
[1282/1523] Assembling IREE VM module module_test_module
[1283/1523] Generating module_test_module_c.h, module_test_module_c.c
[1284/1523] Linking CXX executable runtime/src/iree/tooling/buffer_view_matchers_test
[1285/1523] Assembling IREE VM module module_benchmark_module
[1286/1523] Generating module_benchmark_module_c.h, module_benchmark_module_c.c
[1287/1523] Building CXX object runtime/src/iree/tooling/profile/CMakeFiles/iree_tooling_profile_queue_query_test.dir/queue_query_test.cc.o
[1288/1523] Building CXX object runtime/src/iree/tooling/profile/CMakeFiles/iree_tooling_profile_reader_test.dir/reader_test.cc.o
[1289/1523] Linking CXX executable runtime/src/iree/tooling/profile/queue_query_test
[1290/1523] Linking CXX executable runtime/src/iree/tooling/profile/reader_test
[1291/1523] Assembling IREE VM module module_size_benchmark_module
[1292/1523] Generating module_size_benchmark_module_c.h, module_size_benchmark_module_c.c
[1293/1523] Building CXX object runtime/src/iree/tooling/profile/CMakeFiles/iree_tooling_profile_commands_test.dir/commands_test.cc.o
[1294/1523] Building C object runtime/src/iree/vm/CMakeFiles/iree_vm_impl.objects.dir/shims.c.o
[1295/1523] Building C object runtime/src/iree/vm/bytecode/CMakeFiles/iree_vm_bytecode_module_test_module_c.objects.dir/module_test_module_c.c.o
[1296/1523] Linking C static library runtime/src/iree/vm/libiree_vm_impl.a
[1297/1523] Linking C static library runtime/src/iree/vm/bytecode/libiree_vm_bytecode_module_test_module_c.a
[1298/1523] Linking C static library runtime/src/iree/modules/hal/libiree_modules_hal_debugging.a
[1299/1523] Linking CXX executable runtime/src/iree/tooling/profile/commands_test
[1300/1523] Building C object runtime/src/iree/vm/bytecode/CMakeFiles/iree_vm_bytecode_module_benchmark_module_c.objects.dir/module_benchmark_module_c.c.o
[1301/1523] Linking C static library runtime/src/iree/modules/vmvx/libiree_modules_vmvx_vmvx.a
[1302/1523] Linking C static library runtime/src/iree/modules/hal/libiree_modules_hal_types.a
[1303/1523] Linking C static library runtime/src/iree/vm/bytecode/libiree_vm_bytecode_module_benchmark_module_c.a
[1304/1523] Linking C static library runtime/src/iree/tooling/modules/libiree_tooling_modules_modules.a
[1305/1523] Linking C static library runtime/src/iree/modules/hal/loader/libiree_modules_hal_loader_loader.a
[1306/1523] Building CXX object runtime/src/iree/tooling/profile/CMakeFiles/iree_tooling_profile_memory_test.dir/memory_test.cc.o
[1307/1523] Linking C static library runtime/src/iree/modules/hal/utils/libiree_modules_hal_utils_buffer_diagnostics.a
[1308/1523] Linking C static library runtime/src/iree/modules/io/parameters/libiree_modules_io_parameters_parameters.a
[1309/1523] Linking C static library runtime/src/iree/tooling/libiree_tooling_instrument_util.a
[1310/1523] Building CXX object runtime/src/iree/tooling/profile/CMakeFiles/iree_tooling_profile_summary_test.dir/summary_test.cc.o
[1311/1523] Linking C static library runtime/src/iree/modules/hal/libiree_modules_hal_hal.a
[1312/1523] Linking C static library runtime/src/iree/modules/hal/inline/libiree_modules_hal_inline_inline.a
[1313/1523] Linking C static library runtime/src/iree/tooling/libiree_tooling_parameter_util.a
[1314/1523] Building C object runtime/src/iree/vm/bytecode/CMakeFiles/iree_vm_bytecode_module_size_benchmark_module_c.objects.dir/module_size_benchmark_module_c.c.o
[1315/1523] Linking CXX static library runtime/src/iree/modules/check/libiree_modules_check_check.a
[1316/1523] Linking CXX static library runtime/src/iree/tooling/libiree_tooling_comparison.a
[1317/1523] Linking C executable tools/iree-convert-parameters
[1318/1523] Linking CXX executable runtime/src/iree/tooling/profile/memory_test
[1319/1523] Linking C static library runtime/src/iree/tooling/libiree_tooling_function_io.a
[1320/1523] Linking C static library runtime/src/iree/tooling/libiree_tooling_function_util.a
[1321/1523] Building C object runtime/src/iree/vm/bytecode/assembler/CMakeFiles/iree_vm_bytecode_assembler_source.objects.dir/source.c.o
[1322/1523] Linking C executable tools/iree-dump-parameters
[1323/1523] Linking C static library runtime/src/iree/vm/bytecode/libiree_vm_bytecode_module_size_benchmark_module_c.a
[1324/1523] Generating op_table.h
[1325/1523] Linking CXX executable runtime/src/iree/tooling/profile/summary_test
[1326/1523] Assembling IREE VM module arithmetic_ops
[1327/1523] Assembling IREE VM module arithmetic_ops_f32
[1328/1523] Assembling IREE VM module arithmetic_ops_f64
[1329/1523] Generating encoding_table.c;encoding_table.h
[1330/1523] Linking CXX static library runtime/src/iree/tooling/libiree_tooling_process_results.a
[1331/1523] Assembling IREE VM module arithmetic_ops_i64
[1332/1523] Linking C static library runtime/src/iree/vm/bytecode/assembler/libiree_vm_bytecode_assembler_source.a
[1333/1523] Linking CXX executable runtime/src/iree/tooling/comparison_test
[1334/1523] Linking CXX executable runtime/src/iree/tooling/function_io_test
[1335/1523] Building CXX object runtime/src/iree/vm/CMakeFiles/iree_vm_buffer_test.dir/buffer_test.cc.o
[1336/1523] Building C object tools/CMakeFiles/iree-as-module.dir/iree-as-module-main.c.o
[1337/1523] Building C object runtime/src/iree/vm/dynamic/CMakeFiles/iree_vm_dynamic_module.objects.dir/module.c.o
[1338/1523] Building CXX object runtime/src/iree/tooling/profile/CMakeFiles/iree_tooling_profile_model_test.dir/model_test.cc.o
[1339/1523] Building C object tools/CMakeFiles/iree-benchmark-executable.dir/iree-benchmark-executable-main.c.o
[1340/1523] Building C object tools/CMakeFiles/iree-run-replay.dir/iree-run-replay-main.c.o
[1341/1523] Building CXX object runtime/src/iree/vm/CMakeFiles/iree_vm_native_module_benchmark.dir/native_module_benchmark.cc.o
[1342/1523] Building C object tools/CMakeFiles/iree-run-module.dir/iree-run-module-main.c.o
[1343/1523] Building C object tools/CMakeFiles/iree-encode-parameters.dir/iree-encode-parameters-main.c.o
[1344/1523] Building C object tools/testing/e2e/CMakeFiles/iree_tools_testing_e2e_e2e_test_util.objects.dir/test_utils.c.o
[1345/1523] Building C object runtime/src/iree/hal/drivers/CMakeFiles/iree_hal_drivers_drivers.objects.dir/init.c.o
[1346/1523] Building C object tools/CMakeFiles/iree-dump-module.dir/iree-dump-module-main.c.o
[1347/1523] Building CXX object tools/CMakeFiles/iree-benchmark-replay.dir/iree-benchmark-replay-main.cc.o
[1348/1523] Building CXX object runtime/src/iree/vm/bytecode/assembler/CMakeFiles/iree_vm_bytecode_assembler_source_test.dir/source_test.cc.o
[1349/1523] Building CXX object runtime/src/iree/vm/CMakeFiles/iree_vm_stack_test.dir/stack_test.cc.o
[1350/1523] Building CXX object tools/CMakeFiles/iree-benchmark-module.dir/iree-benchmark-module-main.cc.o
[1351/1523] Building CXX object tools/testing/e2e/CMakeFiles/iree_tools_testing_e2e_iree-e2e-attention-test.dir/iree-e2e-attention-test.cc.o
[1352/1523] Building CXX object tools/CMakeFiles/iree-check-module.dir/iree-check-module-main.cc.o
[1353/1523] Building CXX object runtime/src/iree/tokenizer/regex/CMakeFiles/iree_tokenizer_regex_regex_test.dir/regex_test.cc.o
[1354/1523] Building CXX object tools/testing/e2e/CMakeFiles/iree_tools_testing_e2e_iree-e2e-conv2d-test.dir/iree-e2e-conv2d-test.cc.o
[1355/1523] Building CXX object tools/testing/e2e/CMakeFiles/iree_tools_testing_e2e_iree-e2e-matmul-test.dir/iree-e2e-matmul-test.cc.o
[1356/1523] Building CXX object runtime/src/iree/vm/CMakeFiles/iree_vm_module_test.dir/module_test.cc.o
[1357/1523] Building CXX object runtime/src/iree/vm/CMakeFiles/iree_vm_loop_inline_test.dir/loop_inline_test.cc.o
[1358/1523] Building CXX object runtime/src/iree/vm/CMakeFiles/iree_vm_ref_test.dir/ref_test.cc.o
[1359/1523] Building CXX object runtime/src/iree/hal/drivers/local_sync/cts/CMakeFiles/iree_hal_drivers_local_sync_cts_backends.objects.dir/backends.cc.o
[1360/1523] Building C object runtime/src/iree/hal/drivers/local_sync/registration/CMakeFiles/iree_hal_drivers_local_sync_registration_registration.objects.dir/driver_module.c.o
[1361/1523] Building CXX object runtime/src/iree/hal/drivers/local_sync/cts/CMakeFiles/iree_hal_drivers_local_sync_cts_core_tests.dir/__/__/__/cts/util/test_main.cc.o
[1362/1523] Building CXX object runtime/src/iree/hal/drivers/local_sync/cts/CMakeFiles/iree_hal_drivers_local_sync_cts_buffer_tests.dir/__/__/__/cts/util/test_main.cc.o
[1363/1523] Building CXX object runtime/src/iree/hal/drivers/local_sync/cts/CMakeFiles/iree_hal_drivers_local_sync_cts_file_tests.dir/__/__/__/cts/util/test_main.cc.o
[1364/1523] Building CXX object runtime/src/iree/hal/drivers/local_sync/cts/CMakeFiles/iree_hal_drivers_local_sync_cts_command_buffer_tests.dir/__/__/__/cts/util/test_main.cc.o
[1365/1523] Building CXX object runtime/src/iree/hal/drivers/local_sync/cts/CMakeFiles/iree_hal_drivers_local_sync_cts_dispatch_tests.dir/__/__/__/cts/util/test_main.cc.o
[1366/1523] Building CXX object runtime/src/iree/hal/drivers/local_sync/cts/CMakeFiles/iree_hal_drivers_local_sync_cts_queue_tests.dir/__/__/__/cts/util/test_main.cc.o
[1367/1523] Building C object runtime/src/iree/hal/drivers/local_task/registration/CMakeFiles/iree_hal_drivers_local_task_registration_registration.objects.dir/driver_module.c.o
[1368/1523] Building CXX object runtime/src/iree/hal/drivers/local_sync/cts/CMakeFiles/iree_hal_drivers_local_sync_cts_executable_tests.dir/__/__/__/cts/util/test_main.cc.o
[1369/1523] Building C object runtime/src/iree/hal/local/CMakeFiles/iree_hal_local_executable_library_benchmark.dir/executable_library_benchmark.c.o
[1370/1523] Building C object runtime/src/iree/hal/local/loaders/registration/CMakeFiles/iree_hal_local_loaders_registration_registration.objects.dir/init.c.o
[1371/1523] Building C object runtime/src/iree/hal/local/loaders/CMakeFiles/iree_hal_local_loaders_vmvx_module_loader.objects.dir/vmvx_module_loader.c.o
[1372/1523] Linking CXX executable runtime/src/iree/tokenizer/regex/regex_test
[1373/1523] Building CXX object runtime/src/iree/hal/drivers/local_sync/cts/CMakeFiles/iree_hal_drivers_local_sync_cts_queue_dispatch_tests.dir/__/__/__/cts/util/test_main.cc.o
[1374/1523] Building C object runtime/src/iree/runtime/CMakeFiles/iree_runtime_impl.objects.dir/call.c.o
[1375/1523] Building CXX object runtime/src/iree/hal/drivers/local_task/cts/CMakeFiles/iree_hal_drivers_local_task_cts_backends.objects.dir/backends.cc.o
[1376/1523] Building CXX object runtime/src/iree/hal/drivers/local_task/cts/CMakeFiles/iree_hal_drivers_local_task_cts_buffer_tests.dir/__/__/__/cts/util/test_main.cc.o
[1377/1523] Building C object runtime/src/iree/runtime/CMakeFiles/iree_runtime_impl.objects.dir/session.c.o
[1378/1523] Building C object runtime/src/iree/runtime/CMakeFiles/iree_runtime_impl.objects.dir/instance.c.o
[1379/1523] Linking CXX executable runtime/src/iree/tooling/profile/model_test
[1380/1523] Building CXX object runtime/src/iree/hal/drivers/local_task/cts/CMakeFiles/iree_hal_drivers_local_task_cts_command_buffer_tests.dir/__/__/__/cts/util/test_main.cc.o
[1381/1523] Linking CXX executable runtime/src/iree/vm/buffer_test
[1382/1523] Linking CXX executable runtime/src/iree/vm/loop_inline_test
[1383/1523] Building CXX object runtime/src/iree/hal/drivers/local_task/cts/CMakeFiles/iree_hal_drivers_local_task_cts_core_tests.dir/__/__/__/cts/util/test_main.cc.o
[1384/1523] Linking CXX executable runtime/src/iree/vm/module_test
[1385/1523] Building CXX object runtime/src/iree/hal/drivers/local_task/cts/CMakeFiles/iree_hal_drivers_local_task_cts_file_tests.dir/__/__/__/cts/util/test_main.cc.o
[1386/1523] Building CXX object runtime/src/iree/hal/drivers/local_task/cts/CMakeFiles/iree_hal_drivers_local_task_cts_queue_tests.dir/__/__/__/cts/util/test_main.cc.o
[1387/1523] Linking CXX executable runtime/src/iree/vm/ref_test
[1388/1523] Linking CXX executable runtime/src/iree/vm/stack_test
[1389/1523] Building CXX object runtime/src/iree/hal/drivers/local_task/cts/CMakeFiles/iree_hal_drivers_local_task_cts_dispatch_tests.dir/__/__/__/cts/util/test_main.cc.o
[1390/1523] Linking CXX executable runtime/src/iree/vm/native_module_benchmark
[1391/1523] Building C object runtime/src/iree/tooling/CMakeFiles/iree_tooling_run_module.objects.dir/run_module.c.o
[1392/1523] Building C object runtime/src/iree/tooling/CMakeFiles/iree_tooling_context_util.objects.dir/context_util.c.o
[1393/1523] Building CXX object runtime/src/iree/hal/drivers/local_task/cts/CMakeFiles/iree_hal_drivers_local_task_cts_queue_dispatch_tests.dir/__/__/__/cts/util/test_main.cc.o
[1394/1523] Building CXX object runtime/src/iree/hal/drivers/local_task/cts/CMakeFiles/iree_hal_drivers_local_task_cts_executable_tests.dir/__/__/__/cts/util/test_main.cc.o
[1395/1523] Building C object runtime/src/iree/tooling/CMakeFiles/iree_tooling_device_util.objects.dir/device_util.c.o
[1396/1523] Building C object runtime/src/iree/vm/bytecode/CMakeFiles/iree_vm_bytecode_module.objects.dir/archive.c.o
[1397/1523] Linking CXX executable runtime/src/iree/vm/bytecode/assembler/source_test
[1398/1523] Building C object runtime/src/iree/vm/bytecode/assembler/CMakeFiles/iree_vm_bytecode_assembler_module.objects.dir/module.c.o
[1399/1523] Building C object runtime/src/iree/vm/bytecode/assembler/CMakeFiles/iree_vm_bytecode_assembler_assembler.objects.dir/assembler.c.o
[1400/1523] Building C object runtime/src/iree/vm/bytecode/assembler/CMakeFiles/iree_vm_bytecode_assembler_parser.objects.dir/parser.c.o
[1401/1523] Building CXX object runtime/src/iree/vm/bytecode/CMakeFiles/iree_vm_bytecode_module_size_benchmark.dir/module_size_benchmark.cc.o
[1402/1523] Building C object runtime/src/iree/vm/bytecode/assembler/CMakeFiles/iree_vm_bytecode_assembler_archive.objects.dir/archive.c.o
[1403/1523] Building C object runtime/src/iree/vm/bytecode/assembler/CMakeFiles/iree_vm_bytecode_assembler_bytecode.objects.dir/bytecode.c.o
[1404/1523] Building C object runtime/src/iree/vm/bytecode/CMakeFiles/iree_vm_bytecode_module.objects.dir/module.c.o
[1405/1523] Building CXX object runtime/src/iree/vm/bytecode/CMakeFiles/iree_vm_bytecode_module_benchmark.dir/module_benchmark.cc.o
[1406/1523] Linking C static library runtime/src/iree/vm/dynamic/libiree_vm_dynamic_module.a
[1407/1523] Assembling IREE VM module assignment_ops
[1408/1523] Assembling IREE VM module assignment_ops_f32
[1409/1523] Assembling IREE VM module assignment_ops_f64
[1410/1523] Assembling IREE VM module assignment_ops_i64
[1411/1523] Assembling IREE VM module async_ops
[1412/1523] Assembling IREE VM module buffer_ops
[1413/1523] Assembling IREE VM module call_ops
[1414/1523] Assembling IREE VM module comparison_ops
[1415/1523] Assembling IREE VM module comparison_ops_f32
[1416/1523] Assembling IREE VM module comparison_ops_f64
[1417/1523] Assembling IREE VM module comparison_ops_i64
[1418/1523] Assembling IREE VM module control_flow_ops
[1419/1523] Assembling IREE VM module conversion_ops
[1420/1523] Assembling IREE VM module conversion_ops_f32
[1421/1523] Assembling IREE VM module conversion_ops_f64
[1422/1523] Assembling IREE VM module conversion_ops_i64
[1423/1523] Assembling IREE VM module global_ops
[1424/1523] Assembling IREE VM module global_ops_f32
[1425/1523] Assembling IREE VM module global_ops_f64
[1426/1523] Assembling IREE VM module global_ops_i64
[1427/1523] Assembling IREE VM module list_ops
[1428/1523] Assembling IREE VM module list_ops_i64
[1429/1523] Assembling IREE VM module list_variant_ops
[1430/1523] Assembling IREE VM module ref_ops
[1431/1523] Assembling IREE VM module shift_ops
[1432/1523] Assembling IREE VM module shift_ops_i64
[1433/1523] Generating all_bytecode_modules.h, all_bytecode_modules.c
[1434/1523] Building C object runtime/src/iree/vm/bytecode/isa/CMakeFiles/iree_vm_bytecode_isa_isa.objects.dir/encoding_table.c.o
[1435/1523] Building C object runtime/src/iree/vm/bytecode/utils/CMakeFiles/iree_vm_bytecode_utils_utils.objects.dir/block_list.c.o
[1436/1523] Linking C static library runtime/src/iree/vm/bytecode/isa/libiree_vm_bytecode_isa_isa.a
[1437/1523] Linking C static library runtime/src/iree/vm/bytecode/assembler/libiree_vm_bytecode_assembler_module.a
[1438/1523] Linking C static library runtime/src/iree/vm/bytecode/assembler/libiree_vm_bytecode_assembler_bytecode.a
[1439/1523] Linking C static library runtime/src/iree/vm/bytecode/assembler/libiree_vm_bytecode_assembler_parser.a
[1440/1523] Building C object runtime/src/iree/vm/bytecode/utils/CMakeFiles/iree_vm_bytecode_utils_utils.objects.dir/features.c.o
[1441/1523] Linking C static library runtime/src/iree/vm/bytecode/assembler/libiree_vm_bytecode_assembler_archive.a
[1442/1523] Linking C static library runtime/src/iree/vm/bytecode/utils/libiree_vm_bytecode_utils_utils.a
[1443/1523] Linking C static library runtime/src/iree/vm/bytecode/assembler/libiree_vm_bytecode_assembler_assembler.a
[1444/1523] Building C object runtime/src/iree/vm/test/CMakeFiles/iree_vm_test_all_bytecode_modules_c.objects.dir/all_bytecode_modules.c.o
[1445/1523] Linking C executable tools/iree-as-module
[1446/1523] Linking C static library runtime/src/iree/vm/test/libiree_vm_test_all_bytecode_modules_c.a
[1447/1523] Building CXX object runtime/src/iree/vm/CMakeFiles/iree_vm_native_module_test.dir/native_module_test.cc.o
[1448/1523] Linking CXX executable runtime/src/iree/vm/native_module_test
[1449/1523] Building C object runtime/bindings/tflite/CMakeFiles/iree_runtime_bindings_tflite_shim.objects.dir/interpreter.c.o
[1450/1523] Building C object runtime/bindings/tflite/CMakeFiles/iree_runtime_bindings_tflite_shim.objects.dir/model.c.o
[1451/1523] Building CXX object runtime/src/iree/vm/CMakeFiles/iree_vm_list_test.dir/list_test.cc.o
[1452/1523] Linking CXX executable runtime/src/iree/vm/list_test
[1453/1523] Building C object runtime/bindings/tflite/CMakeFiles/iree_runtime_bindings_tflite_shim.objects.dir/options.c.o
[1454/1523] Building C object runtime/bindings/tflite/CMakeFiles/iree_runtime_bindings_tflite_shim.objects.dir/tensor.c.o
[1455/1523] Building C object runtime/bindings/tflite/CMakeFiles/iree_runtime_bindings_tflite_shim.objects.dir/shim.c.o
[1456/1523] Building C object runtime/src/iree/vm/bytecode/CMakeFiles/iree_vm_bytecode_module.objects.dir/verifier.c.o
[1457/1523] Building CXX object runtime/src/iree/vm/bytecode/assembler/CMakeFiles/iree_vm_bytecode_assembler_parser_test.dir/parser_test.cc.o
[1458/1523] Linking CXX executable runtime/src/iree/vm/bytecode/assembler/parser_test
[1459/1523] Building CXX object runtime/src/iree/vm/bytecode/assembler/CMakeFiles/iree_vm_bytecode_assembler_module_test.dir/module_test.cc.o
[1460/1523] Building CXX object runtime/src/iree/vm/bytecode/assembler/CMakeFiles/iree_vm_bytecode_assembler_assembler_test.dir/assembler_test.cc.o
[1461/1523] Linking CXX executable runtime/src/iree/vm/bytecode/assembler/module_test
[1462/1523] Building CXX object runtime/src/iree/vm/bytecode/CMakeFiles/iree_vm_bytecode_module_test.dir/module_test.cc.o
[1463/1523] Building CXX object runtime/src/iree/modules/check/CMakeFiles/iree_modules_check_check_test.dir/check_test.cc.o
[1464/1523] Building C object runtime/src/iree/vm/bytecode/CMakeFiles/iree_vm_bytecode_module.objects.dir/dispatch.c.o
[1465/1523] Building CXX object runtime/src/iree/vm/bytecode/assembler/CMakeFiles/iree_vm_bytecode_assembler_bytecode_test.dir/bytecode_test.cc.o
[1466/1523] Building CXX object runtime/src/iree/vm/testing/CMakeFiles/iree_vm_testing_test_runner.objects.dir/test_runner.cc.o
[1467/1523] Linking CXX static library runtime/src/iree/vm/testing/libiree_vm_testing_test_runner.a
[1468/1523] Linking CXX executable runtime/src/iree/vm/bytecode/assembler/bytecode_test
[1469/1523] Building CXX object runtime/src/iree/vm/bytecode/isa/CMakeFiles/iree_vm_bytecode_isa_isa_test.dir/isa_test.cc.o
[1470/1523] Linking CXX executable runtime/src/iree/vm/bytecode/isa/isa_test
[1471/1523] Building C object runtime/src/iree/vm/bytecode/CMakeFiles/iree_vm_bytecode_module.objects.dir/disassembler.c.o
[1472/1523] Linking C static library runtime/src/iree/vm/bytecode/libiree_vm_bytecode_module.a
[1473/1523] Linking C static library runtime/src/iree/hal/local/loaders/libiree_hal_local_loaders_vmvx_module_loader.a
[1474/1523] Linking C executable tools/iree-dump-module
[1475/1523] Linking CXX executable runtime/src/iree/vm/bytecode/module_size_benchmark
[1476/1523] Linking C static library runtime/src/iree/hal/local/loaders/registration/libiree_hal_local_loaders_registration_registration.a
[1477/1523] Linking C static library runtime/src/iree/hal/drivers/local_sync/registration/libiree_hal_drivers_local_sync_registration_registration.a
[1478/1523] Linking C static library runtime/src/iree/hal/drivers/local_task/registration/libiree_hal_drivers_local_task_registration_registration.a
[1479/1523] Linking CXX executable runtime/src/iree/vm/bytecode/module_test
[1480/1523] Linking CXX executable runtime/src/iree/vm/bytecode/module_benchmark
[1481/1523] Linking CXX executable runtime/src/iree/vm/bytecode/assembler/assembler_test
[1482/1523] Linking C static library runtime/src/iree/hal/drivers/libiree_hal_drivers_drivers.a
[1483/1523] Building CXX object runtime/src/iree/vm/bytecode/utils/CMakeFiles/iree_vm_bytecode_utils_block_list_test.dir/block_list_test.cc.o
[1484/1523] Linking CXX executable runtime/src/iree/hal/local/executable_library_benchmark
[1485/1523] Linking CXX executable runtime/src/iree/hal/drivers/local_sync/cts/executable_tests
[1486/1523] Linking CXX executable runtime/src/iree/hal/drivers/local_task/cts/file_tests
[1487/1523] Linking CXX executable runtime/src/iree/hal/drivers/local_sync/cts/buffer_tests
[1488/1523] Linking CXX executable runtime/src/iree/hal/drivers/local_sync/cts/file_tests
[1489/1523] Linking CXX executable runtime/src/iree/hal/drivers/local_sync/cts/core_tests
[1490/1523] Linking C static library runtime/src/iree/runtime/libiree_runtime_impl.a
[1491/1523] Linking CXX executable runtime/src/iree/hal/drivers/local_sync/cts/queue_dispatch_tests
[1492/1523] Linking C static library runtime/src/iree/tooling/libiree_tooling_device_util.a
[1493/1523] Linking CXX executable runtime/src/iree/hal/drivers/local_task/cts/command_buffer_tests
[1494/1523] Linking C static library runtime/bindings/tflite/libiree_runtime_bindings_tflite_shim.a
[1495/1523] Linking CXX executable runtime/src/iree/hal/drivers/local_sync/cts/queue_tests
[1496/1523] Linking CXX executable runtime/src/iree/hal/drivers/local_task/cts/core_tests
[1497/1523] Linking C static library runtime/src/iree/tooling/libiree_tooling_context_util.a
[1498/1523] Linking CXX executable runtime/src/iree/hal/drivers/local_sync/cts/command_buffer_tests
[1499/1523] Linking CXX executable runtime/src/iree/vm/bytecode/utils/block_list_test
[1500/1523] Linking C static library runtime/src/iree/runtime/libiree_runtime_unified.a
[1501/1523] Linking CXX executable runtime/src/iree/hal/drivers/local_task/cts/executable_tests
[1502/1523] Linking CXX executable runtime/src/iree/hal/drivers/local_task/cts/buffer_tests
[1503/1523] Linking CXX static library runtime/src/iree/tooling/libiree_tooling_run_module.a
[1504/1523] Linking CXX executable runtime/src/iree/hal/drivers/local_task/cts/queue_dispatch_tests
[1505/1523] Linking C executable tools/iree-run-replay
[1506/1523] Linking CXX executable runtime/src/iree/hal/drivers/local_sync/cts/dispatch_tests
[1507/1523] Linking C static library tools/testing/e2e/libiree_tools_testing_e2e_e2e_test_util.a
[1508/1523] Linking CXX executable runtime/src/iree/hal/drivers/local_task/cts/queue_tests
[1509/1523] Linking CXX executable runtime/src/iree/hal/drivers/local_task/cts/dispatch_tests
[1510/1523] Linking C executable tools/iree-encode-parameters
[1511/1523] Linking CXX executable tools/iree-benchmark-replay
[1512/1523] Linking CXX executable tools/iree-run-module
[1513/1523] Linking CXX executable runtime/src/iree/modules/check/check_test
[1514/1523] Linking CXX executable tools/iree-benchmark-executable
[1515/1523] Linking CXX executable tools/testing/e2e/iree-e2e-conv2d-test
[1516/1523] Linking CXX executable tools/testing/e2e/iree-e2e-matmul-test
[1517/1523] Linking CXX executable tools/iree-check-module
[1518/1523] Linking CXX executable tools/testing/e2e/iree-e2e-attention-test
[1519/1523] Linking CXX executable tools/iree-benchmark-module
[1520/1523] Building CXX object runtime/src/iree/vm/test/bytecode/CMakeFiles/iree_vm_test_bytecode_bytecode_module_test.dir/bytecode_module_test.cc.o
[1521/1523] Linking CXX executable runtime/src/iree/vm/test/bytecode/bytecode_module_test
[1522/1523] Building CXX object runtime/src/iree/tooling/CMakeFiles/iree_tooling_numpy_io_test.dir/numpy_io_test.cc.o
[1523/1523] Linking CXX executable runtime/src/iree/tooling/numpy_io_test
+ echo 'Building '\''install'\'''
Building 'install'
+ echo ------------------
------------------
+ /usr/bin/cmake --build build-mips --target install -- -k 0
[0/2] Re-checking globbed directories...
[0/1] Install the project...
-- Install configuration: "RelWithDebInfo"
-- Installing: /home/andrea/workspace/iree/build-mips/install/bin/iree-flatcc-cli
-- Installing: /home/andrea/workspace/iree/build-mips/install/bin/iree-c-embed-data
-- Installing: /home/andrea/workspace/iree/build-mips/install/bin/iree-e2e-matmul-test
-- Installing: /home/andrea/workspace/iree/build-mips/install/bin/iree-e2e-conv2d-test
-- Installing: /home/andrea/workspace/iree/build-mips/install/bin/iree-e2e-attention-test
-- Installing: /home/andrea/workspace/iree/build-mips/install/bin/iree-benchmark-executable
-- Installing: /home/andrea/workspace/iree/build-mips/install/bin/iree-benchmark-module
-- Installing: /home/andrea/workspace/iree/build-mips/install/bin/iree-as-module
-- Installing: /home/andrea/workspace/iree/build-mips/install/bin/iree-check-module
-- Installing: /home/andrea/workspace/iree/build-mips/install/bin/iree-convert-parameters
-- Installing: /home/andrea/workspace/iree/build-mips/install/bin/iree-cpuinfo
-- Installing: /home/andrea/workspace/iree/build-mips/install/bin/iree-create-parameters
-- Installing: /home/andrea/workspace/iree/build-mips/install/bin/iree-dump-instruments
-- Installing: /home/andrea/workspace/iree/build-mips/install/bin/iree-dump-module
-- Installing: /home/andrea/workspace/iree/build-mips/install/bin/iree-dump-parameters
-- Installing: /home/andrea/workspace/iree/build-mips/install/bin/iree-dump-replay
-- Installing: /home/andrea/workspace/iree/build-mips/install/bin/iree-run-replay
-- Installing: /home/andrea/workspace/iree/build-mips/install/bin/iree-benchmark-replay
-- Installing: /home/andrea/workspace/iree/build-mips/install/bin/iree-encode-parameters
-- Installing: /home/andrea/workspace/iree/build-mips/install/bin/iree-fatelf
-- Installing: /home/andrea/workspace/iree/build-mips/install/bin/iree-profile
-- Installing: /home/andrea/workspace/iree/build-mips/install/bin/iree-profile-render
-- Installing: /home/andrea/workspace/iree/build-mips/install/share/iree/profile/render
-- Installing: /home/andrea/workspace/iree/build-mips/install/share/iree/profile/render/backends.py
-- Installing: /home/andrea/workspace/iree/build-mips/install/share/iree/profile/render/perfetto.py
-- Installing: /home/andrea/workspace/iree/build-mips/install/share/iree/profile/render/common.py
-- Installing: /home/andrea/workspace/iree/build-mips/install/share/iree/profile/render/cli.py
-- Installing: /home/andrea/workspace/iree/build-mips/install/share/iree/profile/render/__init__.py
-- Installing: /home/andrea/workspace/iree/build-mips/install/bin/iree-run-module
-- Installing: /home/andrea/workspace/iree/build-mips/install/bin/iree-tokenize
-- Installing: /home/andrea/workspace/iree/build-mips/install/bin/buffer_benchmarks
-- Installing: /home/andrea/workspace/iree/build-mips/install/bin/core_benchmarks
-- Installing: /home/andrea/workspace/iree/build-mips/install/bin/event_benchmarks
-- Installing: /home/andrea/workspace/iree/build-mips/install/bin/futex_benchmarks
-- Installing: /home/andrea/workspace/iree/build-mips/install/bin/socket_benchmarks
-- Installing: /home/andrea/workspace/iree/build-mips/install/bin/sync_benchmarks
-- Installing: /home/andrea/workspace/iree/build-mips/install/bin/buffer_benchmarks
-- Installing: /home/andrea/workspace/iree/build-mips/install/bin/core_benchmarks
-- Installing: /home/andrea/workspace/iree/build-mips/install/bin/event_benchmarks
-- Installing: /home/andrea/workspace/iree/build-mips/install/bin/futex_benchmarks
-- Installing: /home/andrea/workspace/iree/build-mips/install/bin/socket_benchmarks
-- Installing: /home/andrea/workspace/iree/build-mips/install/bin/sync_benchmarks
-- Installing: /home/andrea/workspace/iree/build-mips/install/bin/frontier_benchmark
-- Installing: /home/andrea/workspace/iree/build-mips/install/bin/frontier_tracker_benchmark
-- Installing: /home/andrea/workspace/iree/build-mips/install/bin/base64_benchmark
-- Installing: /home/andrea/workspace/iree/build-mips/install/bin/atomic_slist_benchmark
-- Installing: /home/andrea/workspace/iree/build-mips/install/bin/atomic_freelist_benchmark
-- Installing: /home/andrea/workspace/iree/build-mips/install/bin/fpu_state_benchmark
-- Installing: /home/andrea/workspace/iree/build-mips/install/bin/spsc_queue_benchmark
-- Installing: /home/andrea/workspace/iree/build-mips/install/bin/mutex_benchmark
-- Installing: /home/andrea/workspace/iree/build-mips/install/bin/notification_benchmark
-- Installing: /home/andrea/workspace/iree/build-mips/install/bin/thread_benchmark
-- Installing: /home/andrea/workspace/iree/build-mips/install/bin/flags_demo
-- Installing: /home/andrea/workspace/iree/build-mips/install/bin/bitmap_benchmark
-- Installing: /home/andrea/workspace/iree/build-mips/install/bin/libdevice_benchmark
-- Installing: /home/andrea/workspace/iree/build-mips/install/bin/mmt4d_benchmark
-- Installing: /home/andrea/workspace/iree/build-mips/install/bin/conv_nchwc_benchmark
-- Installing: /home/andrea/workspace/iree/build-mips/install/bin/pack_benchmark
-- Installing: /home/andrea/workspace/iree/build-mips/install/bin/unpack_benchmark
-- Installing: /home/andrea/workspace/iree/build-mips/install/bin/e2e_matmul_benchmark
-- Installing: /home/andrea/workspace/iree/build-mips/install/bin/elf_module_test_binary
-- Installing: /home/andrea/workspace/iree/build-mips/install/bin/executable_library_benchmark
-- Installing: /home/andrea/workspace/iree/build-mips/install/bin/arena_benchmark
-- Installing: /home/andrea/workspace/iree/build-mips/install/bin/fixed_block_allocator_benchmark
-- Installing: /home/andrea/workspace/iree/build-mips/install/bin/tlsf_benchmark
-- Installing: /home/andrea/workspace/iree/build-mips/install/bin/resource_set_benchmark
-- Installing: /home/andrea/workspace/iree/build-mips/install/bin/executor_benchmark
-- Installing: /home/andrea/workspace/iree/build-mips/install/bin/bpe_heap_benchmark
-- Installing: /home/andrea/workspace/iree/build-mips/install/bin/exec_benchmark
-- Installing: /home/andrea/workspace/iree/build-mips/install/bin/compile_benchmark
-- Installing: /home/andrea/workspace/iree/build-mips/install/bin/comprehensive_benchmark
-- Installing: /home/andrea/workspace/iree/build-mips/install/bin/vocab_hash_benchmark
-- Installing: /home/andrea/workspace/iree/build-mips/install/bin/vocab_trie_benchmark
-- Installing: /home/andrea/workspace/iree/build-mips/install/bin/tokenizer_benchmark
-- Installing: /home/andrea/workspace/iree/build-mips/install/bin/test_fixture_generator
-- Installing: /home/andrea/workspace/iree/build-mips/install/bin/module_benchmark
-- Installing: /home/andrea/workspace/iree/build-mips/install/bin/module_size_benchmark
-- Installing: /home/andrea/workspace/iree/build-mips/install/bin/native_module_benchmark
-- Installing: /home/andrea/workspace/iree/build-mips/install/lib/cmake/IREE/IREETargets-Runtime.cmake
-- Installing: /home/andrea/workspace/iree/build-mips/install/lib/cmake/IREE/IREETargets-Runtime-relwithdebinfo.cmake
-- Installing: /home/andrea/workspace/iree/build-mips/install/lib/cmake/IREE/IREETargets-Compiler.cmake
-- Installing: /home/andrea/workspace/iree/build-mips/install/lib/cmake/IREE/IREETargets-Compiler-relwithdebinfo.cmake
-- Installing: /home/andrea/workspace/iree/build-mips/install/lib/cmake/IREE/IREERuntimeConfig.cmake
+ ((  IREE_BUILD_TEST_DEPS == 1  ))
+ echo 'Building test deps'
Building test deps
+ echo ------------------
------------------
+ /usr/bin/cmake --build build-mips --target iree-test-deps -- -k 0
[0/2] Re-checking globbed directories...
[1/476] Generating check_vmvx_local-task_gather_like_ops.mlir_module.vmfb from gather_like_ops.mlir
[2/476] Generating check_vmvx_local-task_conv2d.mlir_module.vmfb from conv2d.mlir
[3/476] Generating check_llvm-cpu_local-task_gather_like_ops.mlir_module.vmfb from gather_like_ops.mlir
[4/476] Generating check_llvm-cpu_local-task_conv2d.mlir_module.vmfb from conv2d.mlir
[5/476] Generating check_vmvx_local-task_fp4_f32_conversion.mlir_module.vmfb from fp4_f32_conversion.mlir
[6/476] Generating check_vmvx_local-task_fp_to_subbyte.mlir_module.vmfb from fp_to_subbyte.mlir
[7/476] Generating check_llvm-cpu_local-task_fp4_f32_conversion.mlir_module.vmfb from fp4_f32_conversion.mlir
[8/476] Generating check_llvm-cpu_local-task_fp_to_subbyte.mlir_module.vmfb from fp_to_subbyte.mlir
[9/476] Generating check_llvm-cpu_local-task_subbyte_to_fp.mlir_module.vmfb from subbyte_to_fp.mlir
[10/476] Generating check_vmvx_local-task_argmax.mlir_module.vmfb from argmax.mlir
[11/476] Generating check_vmvx_local-task_index.mlir_module.vmfb from index.mlir
[12/476] Generating check_llvm-cpu_local-task_softmax.mlir_module.vmfb from softmax.mlir
[13/476] Generating check_vmvx_local-task_softmax.mlir_module.vmfb from softmax.mlir
[14/476] Generating check_llvm-cpu_local-task_narrow_n_matmuls.mlir_module.vmfb from narrow_n_matmuls.mlir
[15/476] Generating check_vmvx_local-task_subbyte_to_fp.mlir_module.vmfb from subbyte_to_fp.mlir
[16/476] Generating check_llvm-cpu_local-task_pack_i8.mlir_module.vmfb from pack_i8.mlir
[17/476] Generating check_vmvx_local-task_narrow_n_matmuls.mlir_module.vmfb from narrow_n_matmuls.mlir
[18/476] Generating check_vmvx_local-task_pack_i8.mlir_module.vmfb from pack_i8.mlir
[19/476] Generating check_winograd_llvm-cpu_local-task_conv2d.mlir_module.vmfb from conv2d.mlir
[20/476] Generating check_index_llvm-cpu_local-task_index.mlir_module.vmfb from index.mlir
[21/476] Generating check_argmax_llvm-cpu_local-task_argmax.mlir_module.vmfb from argmax.mlir
[22/476] Generating check_vmvx_local-task_pack.mlir_module.vmfb from pack.mlir
[23/476] Generating check_vmvx_ukernel_local-task_pack.mlir_module.vmfb from pack.mlir
[24/476] Generating check_vmvx_local-task_pack_dynamic_inner_tiles.mlir_module.vmfb from pack_dynamic_inner_tiles.mlir
[25/476] Generating check_llvm-cpu_local-task_attention_i1_mask.mlir_module.vmfb from attention_i1_mask.mlir
[26/476] Generating check_llvm-cpu_local-task_arg_compare.mlir_module.vmfb from arg_compare.mlir
[27/476] Generating check_llvm-cpu_local-task_sort.mlir_module.vmfb from sort.mlir
[28/476] Generating check_llvm-cpu_dt_fusion_local-task_narrow_n_matmuls.mlir_module.vmfb from narrow_n_matmuls.mlir
[29/476] Generating check_llvm-cpu_local-task_map_load.mlir_module.vmfb from map_load.mlir
[30/476] Generating check_llvm-cpu_local-task_map_store.mlir_module.vmfb from map_store.mlir
[31/476] Generating check_vmvx_ukernel_local-task_pack_dynamic_inner_tiles.mlir_module.vmfb from pack_dynamic_inner_tiles.mlir
[32/476] Generating check_vmvx_local-task_small_float_arith.mlir_module.vmfb from small_float_arith.mlir
[33/476] Generating check_llvm-cpu_local-task_dynamic_attention.mlir_module.vmfb from dynamic_attention.mlir
[34/476] Generating check_llvm-cpu_local-task_attention.mlir_module.vmfb from attention.mlir
[35/476] Generating check_llvm-cpu_local-task_small_float_arith.mlir_module.vmfb from small_float_arith.mlir
[36/476] Generating check_llvm-cpu_local-task_gather.mlir_module.vmfb from gather.mlir
[37/476] Generating check_llvm-cpu_local-task_scan.mlir_module.vmfb from scan.mlir
[38/476] Generating check_llvm-cpu_local-task_scatter.mlir_module.vmfb from scatter.mlir
[39/476] Generating check_vmvx_local-task_sort.mlir_module.vmfb from sort.mlir
[40/476] Generating check_vmvx_local-task_map_load.mlir_module.vmfb from map_load.mlir
[41/476] Generating check_llvm-cpu_local-task_winograd_input.mlir_module.vmfb from winograd_input.mlir
[42/476] Generating check_vmvx_local-task_map_store.mlir_module.vmfb from map_store.mlir
[43/476] Generating check_llvm-cpu_local-task_top-k.mlir_module.vmfb from top-k.mlir
[44/476] Generating math_ops_llvm-cpu.mlir
[45/476] Generating check_vmvx_local-task_gather.mlir_module.vmfb from gather.mlir
[46/476] Generating e2e_matmul_cpu_dt_i8_i32_llvm-cpu_local-task_generic_matmul.mlir, e2e_matmul_cpu_dt_i8_i32_llvm-cpu_local-task_generic_calls.mlir
[47/476] Generating check_llvm-cpu_local-task_winograd_output.mlir_module.vmfb from winograd_output.mlir
[48/476] Generating check_vmvx_local-task_scan.mlir_module.vmfb from scan.mlir
[49/476] Generating e2e_matmul_cpu_dt_f32_f32_llvm-cpu_local-task_generic_matmul.mlir, e2e_matmul_cpu_dt_f32_f32_llvm-cpu_local-task_generic_calls.mlir
[50/476] Generating check_vmvx_local-task_arg_compare.mlir_module.vmfb from arg_compare.mlir
[51/476] Generating check_vmvx_local-task_winograd_output.mlir_module.vmfb from winograd_output.mlir
[52/476] Generating e2e_matmul_cpu_dt_f64_f64_llvm-cpu_local-task_generic_matmul.mlir, e2e_matmul_cpu_dt_f64_f64_llvm-cpu_local-task_generic_calls.mlir
[53/476] Generating check_vmvx_local-task_dynamic_attention.mlir_module.vmfb from dynamic_attention.mlir
[54/476] Generating check_vmvx_local-task_winograd_input.mlir_module.vmfb from winograd_input.mlir
[55/476] Generating check_vmvx_local-task_scatter.mlir_module.vmfb from scatter.mlir
[56/476] Generating e2e_matmul_cpu_dt_f16_f32_llvm-cpu_local-task_generic_matmul.mlir, e2e_matmul_cpu_dt_f16_f32_llvm-cpu_local-task_generic_calls.mlir
[57/476] Generating e2e_matmul_cpu_dt_f16_f16_llvm-cpu_local-task_generic_matmul.mlir, e2e_matmul_cpu_dt_f16_f16_llvm-cpu_local-task_generic_calls.mlir
[58/476] Generating check_vmvx_local-task_attention.mlir_module.vmfb from attention.mlir
[59/476] Generating check_vmvx_local-task_top-k.mlir_module.vmfb from top-k.mlir
[60/476] Generating check_llvm-cpu_local-task_topk_v2.mlir_module.vmfb from topk_v2.mlir
[61/476] Generating e2e_matmul_cpu_dt_bf16_bf16_llvm-cpu_local-task_generic_matmul.mlir, e2e_matmul_cpu_dt_bf16_bf16_llvm-cpu_local-task_generic_calls.mlir
[62/476] Generating /home/andrea/workspace/iree/build-mips/tests/e2e/matmul/e2e_matmul_cpu_dt_f64_f64_llvm-cpu_local-task_generic_calls.vmfb from e2e_matmul_cpu_dt_f64_f64_llvm-cpu_local-task_generic_calls.mlir
[63/476] Generating check_vmvx_local-task_topk_v2.mlir_module.vmfb from topk_v2.mlir
[64/476] Generating e2e_matmul_cpu_dt_bf16_f32_llvm-cpu_local-task_generic_matmul.mlir, e2e_matmul_cpu_dt_bf16_f32_llvm-cpu_local-task_generic_calls.mlir
[65/476] Generating check_vmvx_local-task_unpack.mlir_module.vmfb from unpack.mlir
[66/476] Generating /home/andrea/workspace/iree/build-mips/tests/e2e/matmul/e2e_matmul_cpu_dt_f32_f32_llvm-cpu_local-task_generic_calls.vmfb from e2e_matmul_cpu_dt_f32_f32_llvm-cpu_local-task_generic_calls.mlir
[67/476] Generating e2e_matmul_cpu_dt_uk_i8_i32_llvm-cpu_local-task_generic_matmul.mlir, e2e_matmul_cpu_dt_uk_i8_i32_llvm-cpu_local-task_generic_calls.mlir
[68/476] Generating /home/andrea/workspace/iree/build-mips/tests/e2e/matmul/e2e_matmul_cpu_dt_i8_i32_llvm-cpu_local-task_generic_calls.vmfb from e2e_matmul_cpu_dt_i8_i32_llvm-cpu_local-task_generic_calls.mlir
[69/476] Generating check_vmvx_ukernel_local-task_unpack.mlir_module.vmfb from unpack.mlir
[70/476] Generating e2e_matmul_cpu_dt_uk_f32_f32_llvm-cpu_local-task_generic_matmul.mlir, e2e_matmul_cpu_dt_uk_f32_f32_llvm-cpu_local-task_generic_calls.mlir
[71/476] Generating /home/andrea/workspace/iree/build-mips/tests/e2e/matmul/e2e_matmul_cpu_dt_f16_f16_llvm-cpu_local-task_generic_calls.vmfb from e2e_matmul_cpu_dt_f16_f16_llvm-cpu_local-task_generic_calls.mlir
[72/476] Generating /home/andrea/workspace/iree/build-mips/tests/e2e/matmul/e2e_matmul_cpu_dt_f16_f32_llvm-cpu_local-task_generic_calls.vmfb from e2e_matmul_cpu_dt_f16_f32_llvm-cpu_local-task_generic_calls.mlir
[73/476] Generating e2e_matmul_cpu_dt_uk_f64_f64_llvm-cpu_local-task_generic_matmul.mlir, e2e_matmul_cpu_dt_uk_f64_f64_llvm-cpu_local-task_generic_calls.mlir
[74/476] Generating check_llvm-cpu_local-task_pack.mlir_module.vmfb from pack.mlir
[75/476] Generating /home/andrea/workspace/iree/build-mips/tests/e2e/matmul/e2e_matmul_cpu_dt_bf16_bf16_llvm-cpu_local-task_generic_calls.vmfb from e2e_matmul_cpu_dt_bf16_bf16_llvm-cpu_local-task_generic_calls.mlir
[76/476] Generating e2e_matmul_cpu_dt_uk_f16_f16_llvm-cpu_local-task_generic_matmul.mlir, e2e_matmul_cpu_dt_uk_f16_f16_llvm-cpu_local-task_generic_calls.mlir
[77/476] Generating /home/andrea/workspace/iree/build-mips/tests/e2e/matmul/e2e_matmul_cpu_dt_bf16_f32_llvm-cpu_local-task_generic_calls.vmfb from e2e_matmul_cpu_dt_bf16_f32_llvm-cpu_local-task_generic_calls.mlir
[78/476] Generating /home/andrea/workspace/iree/build-mips/tests/e2e/matmul/e2e_matmul_cpu_dt_uk_i8_i32_llvm-cpu_local-task_generic_calls.vmfb from e2e_matmul_cpu_dt_uk_i8_i32_llvm-cpu_local-task_generic_calls.mlir
[79/476] Generating e2e_matmul_cpu_dt_uk_f16_f32_llvm-cpu_local-task_generic_matmul.mlir, e2e_matmul_cpu_dt_uk_f16_f32_llvm-cpu_local-task_generic_calls.mlir
[80/476] Generating /home/andrea/workspace/iree/build-mips/tests/e2e/matmul/e2e_matmul_cpu_dt_uk_f64_f64_llvm-cpu_local-task_generic_calls.vmfb from e2e_matmul_cpu_dt_uk_f64_f64_llvm-cpu_local-task_generic_calls.mlir
[81/476] Generating check_llvm-cpu_local-task_pack_dynamic_inner_tiles.mlir_module.vmfb from pack_dynamic_inner_tiles.mlir
[82/476] Generating e2e_matmul_cpu_dt_uk_bf16_bf16_llvm-cpu_local-task_generic_matmul.mlir, e2e_matmul_cpu_dt_uk_bf16_bf16_llvm-cpu_local-task_generic_calls.mlir
[83/476] Generating /home/andrea/workspace/iree/build-mips/tests/e2e/matmul/e2e_matmul_cpu_dt_uk_f32_f32_llvm-cpu_local-task_generic_calls.vmfb from e2e_matmul_cpu_dt_uk_f32_f32_llvm-cpu_local-task_generic_calls.mlir
[84/476] Generating check_llvm-cpu_local-task_unpack.mlir_module.vmfb from unpack.mlir
[85/476] Generating e2e_matmul_cpu_dt_uk_bf16_f32_llvm-cpu_local-task_generic_matmul.mlir, e2e_matmul_cpu_dt_uk_bf16_f32_llvm-cpu_local-task_generic_calls.mlir
[86/476] Generating /home/andrea/workspace/iree/build-mips/tests/e2e/matmul/e2e_matmul_cpu_dt_f64_f64_llvm-cpu_local-task_generic_matmul.vmfb from e2e_matmul_cpu_dt_f64_f64_llvm-cpu_local-task_generic_matmul.mlir
[87/476] Generating /home/andrea/workspace/iree/build-mips/tests/e2e/matmul/e2e_matmul_cpu_dt_uk_f16_f16_llvm-cpu_local-task_generic_calls.vmfb from e2e_matmul_cpu_dt_uk_f16_f16_llvm-cpu_local-task_generic_calls.mlir
[88/476] Generating e2e_matmul_cpu_dt_inner_tiled_i8_i32_llvm-cpu_local-task_generic_matmul.mlir, e2e_matmul_cpu_dt_inner_tiled_i8_i32_llvm-cpu_local-task_generic_calls.mlir
[89/476] Generating /home/andrea/workspace/iree/build-mips/tests/e2e/matmul/e2e_matmul_cpu_dt_uk_f16_f32_llvm-cpu_local-task_generic_calls.vmfb from e2e_matmul_cpu_dt_uk_f16_f32_llvm-cpu_local-task_generic_calls.mlir
[90/476] Generating /home/andrea/workspace/iree/build-mips/tests/e2e/matmul/e2e_matmul_cpu_dt_f16_f32_llvm-cpu_local-task_generic_matmul.vmfb from e2e_matmul_cpu_dt_f16_f32_llvm-cpu_local-task_generic_matmul.mlir
[91/476] Generating e2e_matmul_cpu_dt_inner_tiled_f32_f32_llvm-cpu_local-task_generic_matmul.mlir, e2e_matmul_cpu_dt_inner_tiled_f32_f32_llvm-cpu_local-task_generic_calls.mlir
[92/476] Generating /home/andrea/workspace/iree/build-mips/tests/e2e/matmul/e2e_matmul_cpu_dt_uk_bf16_bf16_llvm-cpu_local-task_generic_calls.vmfb from e2e_matmul_cpu_dt_uk_bf16_bf16_llvm-cpu_local-task_generic_calls.mlir
[93/476] Generating /home/andrea/workspace/iree/build-mips/tests/e2e/matmul/e2e_matmul_cpu_dt_uk_bf16_f32_llvm-cpu_local-task_generic_calls.vmfb from e2e_matmul_cpu_dt_uk_bf16_f32_llvm-cpu_local-task_generic_calls.mlir
[94/476] Generating e2e_matmul_cpu_dt_inner_tiled_f64_f64_llvm-cpu_local-task_generic_matmul.mlir, e2e_matmul_cpu_dt_inner_tiled_f64_f64_llvm-cpu_local-task_generic_calls.mlir
[95/476] Generating /home/andrea/workspace/iree/build-mips/tests/e2e/matmul/e2e_matmul_cpu_dt_f32_f32_llvm-cpu_local-task_generic_matmul.vmfb from e2e_matmul_cpu_dt_f32_f32_llvm-cpu_local-task_generic_matmul.mlir
[96/476] Generating math_ops_llvm-cpu_math_ops_llvm-cpu.mlir_module.vmfb from math_ops_llvm-cpu.mlir
[97/476] Generating e2e_matmul_cpu_dt_inner_tiled_f16_f16_llvm-cpu_local-task_generic_matmul.mlir, e2e_matmul_cpu_dt_inner_tiled_f16_f16_llvm-cpu_local-task_generic_calls.mlir
[98/476] Generating /home/andrea/workspace/iree/build-mips/tests/e2e/matmul/e2e_matmul_cpu_dt_uk_f64_f64_llvm-cpu_local-task_generic_matmul.vmfb from e2e_matmul_cpu_dt_uk_f64_f64_llvm-cpu_local-task_generic_matmul.mlir
[99/476] Generating /home/andrea/workspace/iree/build-mips/tests/e2e/matmul/e2e_matmul_cpu_dt_bf16_f32_llvm-cpu_local-task_generic_matmul.vmfb from e2e_matmul_cpu_dt_bf16_f32_llvm-cpu_local-task_generic_matmul.mlir
[100/476] Generating e2e_matmul_cpu_dt_inner_tiled_f16_f32_llvm-cpu_local-task_generic_matmul.mlir, e2e_matmul_cpu_dt_inner_tiled_f16_f32_llvm-cpu_local-task_generic_calls.mlir
[101/476] Generating /home/andrea/workspace/iree/build-mips/tests/e2e/matmul/e2e_matmul_cpu_dt_i8_i32_llvm-cpu_local-task_generic_matmul.vmfb from e2e_matmul_cpu_dt_i8_i32_llvm-cpu_local-task_generic_matmul.mlir
[102/476] Generating /home/andrea/workspace/iree/build-mips/tests/e2e/matmul/e2e_matmul_cpu_dt_f16_f16_llvm-cpu_local-task_generic_matmul.vmfb from e2e_matmul_cpu_dt_f16_f16_llvm-cpu_local-task_generic_matmul.mlir
[103/476] Generating e2e_matmul_cpu_dt_inner_tiled_bf16_bf16_llvm-cpu_local-task_generic_matmul.mlir, e2e_matmul_cpu_dt_inner_tiled_bf16_bf16_llvm-cpu_local-task_generic_calls.mlir
[104/476] Generating /home/andrea/workspace/iree/build-mips/tests/e2e/matmul/e2e_matmul_cpu_dt_inner_tiled_f64_f64_llvm-cpu_local-task_generic_calls.vmfb from e2e_matmul_cpu_dt_inner_tiled_f64_f64_llvm-cpu_local-task_generic_calls.mlir
[105/476] Generating /home/andrea/workspace/iree/build-mips/tests/e2e/matmul/e2e_matmul_cpu_dt_inner_tiled_i8_i32_llvm-cpu_local-task_generic_calls.vmfb from e2e_matmul_cpu_dt_inner_tiled_i8_i32_llvm-cpu_local-task_generic_calls.mlir
[106/476] Generating e2e_matmul_cpu_dt_inner_tiled_bf16_f32_llvm-cpu_local-task_generic_matmul.mlir, e2e_matmul_cpu_dt_inner_tiled_bf16_f32_llvm-cpu_local-task_generic_calls.mlir
[107/476] Generating /home/andrea/workspace/iree/build-mips/tests/e2e/matmul/e2e_matmul_cpu_dt_bf16_bf16_llvm-cpu_local-task_generic_matmul.vmfb from e2e_matmul_cpu_dt_bf16_bf16_llvm-cpu_local-task_generic_matmul.mlir
[108/476] Generating /home/andrea/workspace/iree/build-mips/tests/e2e/matmul/e2e_matmul_cpu_dt_inner_tiled_f32_f32_llvm-cpu_local-task_generic_calls.vmfb from e2e_matmul_cpu_dt_inner_tiled_f32_f32_llvm-cpu_local-task_generic_calls.mlir
[109/476] Generating e2e_matmul_cpu_dt_inner_tiled_ui8_i8_i32_llvm-cpu_local-task_generic_matmul.mlir, e2e_matmul_cpu_dt_inner_tiled_ui8_i8_i32_llvm-cpu_local-task_generic_calls.mlir
[110/476] Generating /home/andrea/workspace/iree/build-mips/tests/e2e/matmul/e2e_matmul_cpu_dt_inner_tiled_f16_f16_llvm-cpu_local-task_generic_calls.vmfb from e2e_matmul_cpu_dt_inner_tiled_f16_f16_llvm-cpu_local-task_generic_calls.mlir
[111/476] Generating /home/andrea/workspace/iree/build-mips/tests/e2e/matmul/e2e_matmul_cpu_dt_inner_tiled_ui8_i8_i32_llvm-cpu_local-task_generic_matmul.vmfb from e2e_matmul_cpu_dt_inner_tiled_ui8_i8_i32_llvm-cpu_local-task_generic_matmul.mlir
[112/476] Generating e2e_matmul_cpu_experimental_dt_i8_i32_llvm-cpu_local-task_generic_matmul.mlir, e2e_matmul_cpu_experimental_dt_i8_i32_llvm-cpu_local-task_generic_calls.mlir
[113/476] Generating /home/andrea/workspace/iree/build-mips/tests/e2e/matmul/e2e_matmul_cpu_dt_inner_tiled_f16_f32_llvm-cpu_local-task_generic_calls.vmfb from e2e_matmul_cpu_dt_inner_tiled_f16_f32_llvm-cpu_local-task_generic_calls.mlir
[114/476] Generating /home/andrea/workspace/iree/build-mips/tests/e2e/matmul/e2e_matmul_cpu_dt_inner_tiled_ui8_i8_i32_llvm-cpu_local-task_generic_calls.vmfb from e2e_matmul_cpu_dt_inner_tiled_ui8_i8_i32_llvm-cpu_local-task_generic_calls.mlir
[115/476] Generating e2e_matmul_cpu_experimental_dt_f32_f32_llvm-cpu_local-task_generic_matmul.mlir, e2e_matmul_cpu_experimental_dt_f32_f32_llvm-cpu_local-task_generic_calls.mlir
[116/476] Generating /home/andrea/workspace/iree/build-mips/tests/e2e/matmul/e2e_matmul_cpu_dt_inner_tiled_bf16_bf16_llvm-cpu_local-task_generic_calls.vmfb from e2e_matmul_cpu_dt_inner_tiled_bf16_bf16_llvm-cpu_local-task_generic_calls.mlir
[117/476] Generating /home/andrea/workspace/iree/build-mips/tests/e2e/matmul/e2e_matmul_cpu_dt_inner_tiled_bf16_f32_llvm-cpu_local-task_generic_calls.vmfb from e2e_matmul_cpu_dt_inner_tiled_bf16_f32_llvm-cpu_local-task_generic_calls.mlir
[118/476] Generating e2e_matmul_cpu_experimental_dt_f16_f16_llvm-cpu_local-task_generic_matmul.mlir, e2e_matmul_cpu_experimental_dt_f16_f16_llvm-cpu_local-task_generic_calls.mlir
[119/476] Generating /home/andrea/workspace/iree/build-mips/tests/e2e/matmul/e2e_matmul_cpu_dt_uk_f32_f32_llvm-cpu_local-task_generic_matmul.vmfb from e2e_matmul_cpu_dt_uk_f32_f32_llvm-cpu_local-task_generic_matmul.mlir
[120/476] Generating /home/andrea/workspace/iree/build-mips/tests/e2e/matmul/e2e_matmul_cpu_dt_inner_tiled_f64_f64_llvm-cpu_local-task_generic_matmul.vmfb from e2e_matmul_cpu_dt_inner_tiled_f64_f64_llvm-cpu_local-task_generic_matmul.mlir
[121/476] Generating e2e_matmul_cpu_experimental_dt_f16_f32_llvm-cpu_local-task_generic_matmul.mlir, e2e_matmul_cpu_experimental_dt_f16_f32_llvm-cpu_local-task_generic_calls.mlir
[122/476] Generating /home/andrea/workspace/iree/build-mips/tests/e2e/matmul/e2e_matmul_cpu_dt_uk_i8_i32_llvm-cpu_local-task_generic_matmul.vmfb from e2e_matmul_cpu_dt_uk_i8_i32_llvm-cpu_local-task_generic_matmul.mlir
[123/476] Generating /home/andrea/workspace/iree/build-mips/tests/e2e/matmul/e2e_matmul_cpu_experimental_dt_i8_i32_llvm-cpu_local-task_generic_calls.vmfb from e2e_matmul_cpu_experimental_dt_i8_i32_llvm-cpu_local-task_generic_calls.mlir
[124/476] Generating e2e_matmul_cpu_experimental_dt_bf16_bf16_llvm-cpu_local-task_generic_matmul.mlir, e2e_matmul_cpu_experimental_dt_bf16_bf16_llvm-cpu_local-task_generic_calls.mlir
[125/476] Generating /home/andrea/workspace/iree/build-mips/tests/e2e/matmul/e2e_matmul_cpu_dt_uk_f16_f16_llvm-cpu_local-task_generic_matmul.vmfb from e2e_matmul_cpu_dt_uk_f16_f16_llvm-cpu_local-task_generic_matmul.mlir
[126/476] Generating /home/andrea/workspace/iree/build-mips/tests/e2e/matmul/e2e_matmul_cpu_dt_inner_tiled_i8_i32_llvm-cpu_local-task_generic_matmul.vmfb from e2e_matmul_cpu_dt_inner_tiled_i8_i32_llvm-cpu_local-task_generic_matmul.mlir
[127/476] Generating e2e_matmul_cpu_experimental_dt_bf16_f32_llvm-cpu_local-task_generic_matmul.mlir, e2e_matmul_cpu_experimental_dt_bf16_f32_llvm-cpu_local-task_generic_calls.mlir
[128/476] Generating /home/andrea/workspace/iree/build-mips/tests/e2e/matmul/e2e_matmul_cpu_experimental_dt_f32_f32_llvm-cpu_local-task_generic_calls.vmfb from e2e_matmul_cpu_experimental_dt_f32_f32_llvm-cpu_local-task_generic_calls.mlir
[129/476] Generating /home/andrea/workspace/iree/build-mips/tests/e2e/matmul/e2e_matmul_cpu_dt_inner_tiled_f32_f32_llvm-cpu_local-task_generic_matmul.vmfb from e2e_matmul_cpu_dt_inner_tiled_f32_f32_llvm-cpu_local-task_generic_matmul.mlir
[130/476] Generating e2e_matmul_cpu_experimental_dt_uk_i8_i32_llvm-cpu_local-task_generic_matmul.mlir, e2e_matmul_cpu_experimental_dt_uk_i8_i32_llvm-cpu_local-task_generic_calls.mlir
[131/476] Generating /home/andrea/workspace/iree/build-mips/tests/e2e/matmul/e2e_matmul_cpu_experimental_dt_f16_f16_llvm-cpu_local-task_generic_calls.vmfb from e2e_matmul_cpu_experimental_dt_f16_f16_llvm-cpu_local-task_generic_calls.mlir
[132/476] Generating /home/andrea/workspace/iree/build-mips/tests/e2e/matmul/e2e_matmul_cpu_experimental_dt_f16_f32_llvm-cpu_local-task_generic_calls.vmfb from e2e_matmul_cpu_experimental_dt_f16_f32_llvm-cpu_local-task_generic_calls.mlir
[133/476] Generating e2e_matmul_cpu_experimental_dt_uk_f32_f32_llvm-cpu_local-task_generic_matmul.mlir, e2e_matmul_cpu_experimental_dt_uk_f32_f32_llvm-cpu_local-task_generic_calls.mlir
[134/476] Generating /home/andrea/workspace/iree/build-mips/tests/e2e/matmul/e2e_matmul_cpu_dt_inner_tiled_f16_f16_llvm-cpu_local-task_generic_matmul.vmfb from e2e_matmul_cpu_dt_inner_tiled_f16_f16_llvm-cpu_local-task_generic_matmul.mlir
[135/476] Generating /home/andrea/workspace/iree/build-mips/tests/e2e/matmul/e2e_matmul_cpu_dt_uk_f16_f32_llvm-cpu_local-task_generic_matmul.vmfb from e2e_matmul_cpu_dt_uk_f16_f32_llvm-cpu_local-task_generic_matmul.mlir
[136/476] Generating e2e_matmul_cpu_experimental_dt_uk_f16_f16_llvm-cpu_local-task_generic_matmul.mlir, e2e_matmul_cpu_experimental_dt_uk_f16_f16_llvm-cpu_local-task_generic_calls.mlir
[137/476] Generating /home/andrea/workspace/iree/build-mips/tests/e2e/matmul/e2e_matmul_cpu_dt_uk_bf16_f32_llvm-cpu_local-task_generic_matmul.vmfb from e2e_matmul_cpu_dt_uk_bf16_f32_llvm-cpu_local-task_generic_matmul.mlir
[138/476] Generating /home/andrea/workspace/iree/build-mips/tests/e2e/matmul/e2e_matmul_cpu_dt_uk_bf16_bf16_llvm-cpu_local-task_generic_matmul.vmfb from e2e_matmul_cpu_dt_uk_bf16_bf16_llvm-cpu_local-task_generic_matmul.mlir
[139/476] Generating e2e_matmul_cpu_experimental_dt_uk_f16_f32_llvm-cpu_local-task_generic_matmul.mlir, e2e_matmul_cpu_experimental_dt_uk_f16_f32_llvm-cpu_local-task_generic_calls.mlir
[140/476] Generating /home/andrea/workspace/iree/build-mips/tests/e2e/matmul/e2e_matmul_cpu_experimental_dt_bf16_bf16_llvm-cpu_local-task_generic_calls.vmfb from e2e_matmul_cpu_experimental_dt_bf16_bf16_llvm-cpu_local-task_generic_calls.mlir
[141/476] Generating /home/andrea/workspace/iree/build-mips/tests/e2e/matmul/e2e_matmul_cpu_experimental_dt_bf16_f32_llvm-cpu_local-task_generic_calls.vmfb from e2e_matmul_cpu_experimental_dt_bf16_f32_llvm-cpu_local-task_generic_calls.mlir
[142/476] Generating e2e_matmul_cpu_experimental_dt_uk_bf16_bf16_llvm-cpu_local-task_generic_matmul.mlir, e2e_matmul_cpu_experimental_dt_uk_bf16_bf16_llvm-cpu_local-task_generic_calls.mlir
[143/476] Generating /home/andrea/workspace/iree/build-mips/tests/e2e/matmul/e2e_matmul_cpu_dt_inner_tiled_f16_f32_llvm-cpu_local-task_generic_matmul.vmfb from e2e_matmul_cpu_dt_inner_tiled_f16_f32_llvm-cpu_local-task_generic_matmul.mlir
[144/476] Generating /home/andrea/workspace/iree/build-mips/tests/e2e/matmul/e2e_matmul_cpu_dt_inner_tiled_bf16_f32_llvm-cpu_local-task_generic_matmul.vmfb from e2e_matmul_cpu_dt_inner_tiled_bf16_f32_llvm-cpu_local-task_generic_matmul.mlir
[145/476] Generating e2e_matmul_cpu_experimental_dt_uk_bf16_f32_llvm-cpu_local-task_generic_matmul.mlir, e2e_matmul_cpu_experimental_dt_uk_bf16_f32_llvm-cpu_local-task_generic_calls.mlir
[146/476] Generating /home/andrea/workspace/iree/build-mips/tests/e2e/matmul/e2e_matmul_cpu_experimental_dt_uk_i8_i32_llvm-cpu_local-task_generic_calls.vmfb from e2e_matmul_cpu_experimental_dt_uk_i8_i32_llvm-cpu_local-task_generic_calls.mlir
[147/476] Generating /home/andrea/workspace/iree/build-mips/tests/e2e/matmul/e2e_matmul_cpu_dt_inner_tiled_bf16_bf16_llvm-cpu_local-task_generic_matmul.vmfb from e2e_matmul_cpu_dt_inner_tiled_bf16_bf16_llvm-cpu_local-task_generic_matmul.mlir
[148/476] Generating e2e_matmul_vmvx_experimental_dt_f32_f32_vmvx_local-task_matmul.mlir, e2e_matmul_vmvx_experimental_dt_f32_f32_vmvx_local-task_calls.mlir
[149/476] Generating /home/andrea/workspace/iree/build-mips/tests/e2e/matmul/e2e_matmul_cpu_experimental_dt_uk_f32_f32_llvm-cpu_local-task_generic_calls.vmfb from e2e_matmul_cpu_experimental_dt_uk_f32_f32_llvm-cpu_local-task_generic_calls.mlir
[150/476] Generating /home/andrea/workspace/iree/build-mips/tests/e2e/matmul/e2e_matmul_cpu_experimental_dt_uk_f16_f16_llvm-cpu_local-task_generic_calls.vmfb from e2e_matmul_cpu_experimental_dt_uk_f16_f16_llvm-cpu_local-task_generic_calls.mlir
[151/476] Generating e2e_matmul_vmvx_experimental_dt_uk_f32_f32_vmvx_local-task_matmul.mlir, e2e_matmul_vmvx_experimental_dt_uk_f32_f32_vmvx_local-task_calls.mlir
[152/476] Generating /home/andrea/workspace/iree/build-mips/tests/e2e/matmul/e2e_matmul_cpu_experimental_dt_uk_f16_f32_llvm-cpu_local-task_generic_calls.vmfb from e2e_matmul_cpu_experimental_dt_uk_f16_f32_llvm-cpu_local-task_generic_calls.mlir
[153/476] Generating /home/andrea/workspace/iree/build-mips/tests/e2e/matmul/e2e_matmul_cpu_experimental_dt_uk_bf16_bf16_llvm-cpu_local-task_generic_calls.vmfb from e2e_matmul_cpu_experimental_dt_uk_bf16_bf16_llvm-cpu_local-task_generic_calls.mlir
[154/476] Generating e2e_matmul_cpu_dt_mxfp4_f32_llvm-cpu_local-task_generic_matmul.mlir, e2e_matmul_cpu_dt_mxfp4_f32_llvm-cpu_local-task_generic_calls.mlir
[155/476] Generating /home/andrea/workspace/iree/build-mips/tests/e2e/matmul/e2e_matmul_vmvx_experimental_dt_f32_f32_vmvx_local-task_calls.vmfb from e2e_matmul_vmvx_experimental_dt_f32_f32_vmvx_local-task_calls.mlir
[156/476] Generating /home/andrea/workspace/iree/build-mips/tests/e2e/matmul/e2e_matmul_cpu_experimental_dt_uk_bf16_f32_llvm-cpu_local-task_generic_calls.vmfb from e2e_matmul_cpu_experimental_dt_uk_bf16_f32_llvm-cpu_local-task_generic_calls.mlir
[157/476] Generating e2e_matmul_vmvx_dt_uk_i8_small_vmvx_local-task_matmul.mlir, e2e_matmul_vmvx_dt_uk_i8_small_vmvx_local-task_calls.mlir
[158/476] Generating /home/andrea/workspace/iree/build-mips/tests/e2e/matmul/e2e_matmul_cpu_experimental_dt_f32_f32_llvm-cpu_local-task_generic_matmul.vmfb from e2e_matmul_cpu_experimental_dt_f32_f32_llvm-cpu_local-task_generic_matmul.mlir
[159/476] Generating /home/andrea/workspace/iree/build-mips/tests/e2e/matmul/e2e_matmul_cpu_dt_mxfp4_f32_llvm-cpu_local-task_generic_calls.vmfb from e2e_matmul_cpu_dt_mxfp4_f32_llvm-cpu_local-task_generic_calls.mlir
[160/476] Generating /home/andrea/workspace/iree/build-mips/tests/e2e/matmul/e2e_matmul_vmvx_experimental_dt_uk_f32_f32_vmvx_local-task_calls.vmfb from e2e_matmul_vmvx_experimental_dt_uk_f32_f32_vmvx_local-task_calls.mlir
[161/476] Generating e2e_matmul_vmvx_dt_uk_f32_small_vmvx_local-task_matmul.mlir, e2e_matmul_vmvx_dt_uk_f32_small_vmvx_local-task_calls.mlir
[162/476] Generating /home/andrea/workspace/iree/build-mips/tests/e2e/matmul/e2e_matmul_cpu_experimental_dt_i8_i32_llvm-cpu_local-task_generic_matmul.vmfb from e2e_matmul_cpu_experimental_dt_i8_i32_llvm-cpu_local-task_generic_matmul.mlir
[163/476] Generating /home/andrea/workspace/iree/build-mips/tests/e2e/matmul/e2e_matmul_cpu_experimental_dt_f16_f32_llvm-cpu_local-task_generic_matmul.vmfb from e2e_matmul_cpu_experimental_dt_f16_f32_llvm-cpu_local-task_generic_matmul.mlir
[164/476] Generating check_fp_reassoc_regression_llvm-cpu_associative_reordering.mlir_module.vmfb from associative_reordering.mlir
[165/476] Generating /home/andrea/workspace/iree/build-mips/tests/e2e/matmul/e2e_matmul_cpu_experimental_dt_f16_f16_llvm-cpu_local-task_generic_matmul.vmfb from e2e_matmul_cpu_experimental_dt_f16_f16_llvm-cpu_local-task_generic_matmul.mlir
[166/476] Generating /home/andrea/workspace/iree/build-mips/tests/e2e/matmul/e2e_matmul_cpu_dt_mxfp4_f32_llvm-cpu_local-task_generic_matmul.vmfb from e2e_matmul_cpu_dt_mxfp4_f32_llvm-cpu_local-task_generic_matmul.mlir
[167/476] Generating /home/andrea/workspace/iree/build-mips/tests/e2e/matmul/e2e_matmul_vmvx_dt_uk_i8_small_vmvx_local-task_calls.vmfb from e2e_matmul_vmvx_dt_uk_i8_small_vmvx_local-task_calls.mlir
[168/476] Generating /home/andrea/workspace/iree/build-mips/tests/e2e/matmul/e2e_matmul_vmvx_dt_uk_f32_small_vmvx_local-task_calls.vmfb from e2e_matmul_vmvx_dt_uk_f32_small_vmvx_local-task_calls.mlir
[169/476] Generating check_regression_llvm-cpu_i1_inlined_constant.mlir_module.vmfb from i1_inlined_constant.mlir
[170/476] Generating /home/andrea/workspace/iree/build-mips/tests/e2e/matmul/e2e_matmul_vmvx_experimental_dt_f32_f32_vmvx_local-task_matmul.vmfb from e2e_matmul_vmvx_experimental_dt_f32_f32_vmvx_local-task_matmul.mlir
[171/476] Generating check_regression_llvm-cpu_pack_pad_transpose_1x9_into_2x1x8x4_issue_12546.mlir_module.vmfb from pack_pad_transpose_1x9_into_2x1x8x4_issue_12546.mlir
[172/476] Generating /home/andrea/workspace/iree/build-mips/tests/e2e/matmul/e2e_matmul_cpu_experimental_dt_bf16_f32_llvm-cpu_local-task_generic_matmul.vmfb from e2e_matmul_cpu_experimental_dt_bf16_f32_llvm-cpu_local-task_generic_matmul.mlir
[173/476] Generating check_regression_llvm-cpu_broadcast_batch_matmul_to_matmul.mlir_module.vmfb from broadcast_batch_matmul_to_matmul.mlir
[174/476] Generating check_regression_llvm-cpu_linalg_ops.mlir_module.vmfb from linalg_ops.mlir
[175/476] Generating check_regression_llvm-cpu_layernorm.mlir_module.vmfb from layernorm.mlir
[176/476] Generating /home/andrea/workspace/iree/build-mips/tests/e2e/matmul/e2e_matmul_vmvx_experimental_dt_uk_f32_f32_vmvx_local-task_matmul.vmfb from e2e_matmul_vmvx_experimental_dt_uk_f32_f32_vmvx_local-task_matmul.mlir
[177/476] Generating /home/andrea/workspace/iree/build-mips/tests/e2e/matmul/e2e_matmul_cpu_experimental_dt_bf16_bf16_llvm-cpu_local-task_generic_matmul.vmfb from e2e_matmul_cpu_experimental_dt_bf16_bf16_llvm-cpu_local-task_generic_matmul.mlir
[178/476] Generating check_regression_llvm-cpu_reduction_broadcast_elementwise.mlir_module.vmfb from reduction_broadcast_elementwise.mlir
[179/476] Generating check_regression_xla_reverse_after_slice_llvm-cpu_xla_reverse_after_slice.mlir_module.vmfb from xla_reverse_after_slice.mlir
[180/476] Generating check_regression_llvm-cpu_transpose.mlir_module.vmfb from transpose.mlir
[181/476] Generating check_regression_llvm-cpu_scalar_computation.mlir_module.vmfb from scalar_computation.mlir
[182/476] Generating check_regression_llvm-cpu_split_reduction_using_tiling.mlir_module.vmfb from split_reduction_using_tiling.mlir
[183/476] Generating check_regression_llvm-cpu_softmax.mlir_module.vmfb from softmax.mlir
[184/476] Generating check_regression_llvm-cpu_strided_slice.mlir_module.vmfb from strided_slice.mlir
[185/476] Generating check_regression_dynamic_gather_attention_llvm-cpu_dynamic_gather_attention.mlir_module.vmfb from dynamic_gather_attention.mlir
[186/476] Generating check_regression_vmvx_reduction_broadcast_elementwise.mlir_module.vmfb from reduction_broadcast_elementwise.mlir
[187/476] Generating /home/andrea/workspace/iree/build-mips/tests/e2e/matmul/e2e_matmul_vmvx_dt_uk_i8_small_vmvx_local-task_matmul.vmfb from e2e_matmul_vmvx_dt_uk_i8_small_vmvx_local-task_matmul.mlir
[188/476] Generating check_regression_vmvx_i1_inlined_constant.mlir_module.vmfb from i1_inlined_constant.mlir
[189/476] Generating check_regression_vmvx_linalg_ops.mlir_module.vmfb from linalg_ops.mlir
[190/476] Generating check_regression_vmvx_layernorm.mlir_module.vmfb from layernorm.mlir
[191/476] Generating check_regression_vmvx_softmax.mlir_module.vmfb from softmax.mlir
[192/476] Generating check_regression_vmvx_transpose.mlir_module.vmfb from transpose.mlir
[193/476] Generating /home/andrea/workspace/iree/build-mips/tests/e2e/matmul/e2e_matmul_vmvx_dt_uk_f32_small_vmvx_local-task_matmul.vmfb from e2e_matmul_vmvx_dt_uk_f32_small_vmvx_local-task_matmul.mlir
[194/476] Generating check_stablehlo_regression_llvm-cpu_dynamic_abs.mlir_module.vmfb from dynamic_abs.mlir
[195/476] Generating check_stablehlo_regression_llvm-cpu_dynamic_add.mlir_module.vmfb from dynamic_add.mlir
[196/476] Generating check_stablehlo_regression_llvm-cpu_dynamic_reduce_min.mlir_module.vmfb from dynamic_reduce_min.mlir
[197/476] Generating check_regression_vmvx_strided_slice.mlir_module.vmfb from strided_slice.mlir
[198/476] Generating check_regression_vmvx_scalar_computation.mlir_module.vmfb from scalar_computation.mlir
[199/476] Generating aggressive_fusion_test_softmax.mlir_module.vmfb from softmax.mlir
[200/476] Generating check_stablehlo_regression_vmvx_dynamic_abs.mlir_module.vmfb from dynamic_abs.mlir
[201/476] Generating check_stablehlo_regression_llvm-cpu_dynamic_torch_index_select_negative.mlir_module.vmfb from dynamic_torch_index_select_negative.mlir
[202/476] Generating check_stablehlo_regression_vmvx_dynamic_add.mlir_module.vmfb from dynamic_add.mlir
[203/476] Generating check_stablehlo_regression_llvm-cpu_dynamic_torch_index_select_high_rank.mlir_module.vmfb from dynamic_torch_index_select_high_rank.mlir
[204/476] Generating /home/andrea/workspace/iree/build-mips/tests/e2e/matmul/e2e_matmul_cpu_experimental_dt_uk_i8_i32_llvm-cpu_local-task_generic_matmul.vmfb from e2e_matmul_cpu_experimental_dt_uk_i8_i32_llvm-cpu_local-task_generic_matmul.mlir
[205/476] Generating check_stablehlo_regression_vmvx_dynamic_reduce_min.mlir_module.vmfb from dynamic_reduce_min.mlir
[206/476] Generating check_stablehlo_regression_vmvx_dynamic_dot.mlir_module.vmfb from dynamic_dot.mlir
[207/476] Generating check_stablehlo_regression_vmvx_dynamic_torch_index_select_negative.mlir_module.vmfb from dynamic_torch_index_select_negative.mlir
[208/476] Generating check_stablehlo_regression_llvm-cpu_dynamic_torch_index_select_scalar.mlir_module.vmfb from dynamic_torch_index_select_scalar.mlir
[209/476] Generating check_stablehlo_regression_llvm-cpu_dynamic_torch_index_select_vector.mlir_module.vmfb from dynamic_torch_index_select_vector.mlir
[210/476] Generating check_stablehlo_regression_vmvx_dynamic_torch_index_select_high_rank.mlir_module.vmfb from dynamic_torch_index_select_high_rank.mlir
[211/476] Generating /home/andrea/workspace/iree/build-mips/tests/e2e/matmul/e2e_matmul_cpu_experimental_dt_uk_f32_f32_llvm-cpu_local-task_generic_matmul.vmfb from e2e_matmul_cpu_experimental_dt_uk_f32_f32_llvm-cpu_local-task_generic_matmul.mlir
[212/476] Generating check_stablehlo_regression_vmvx_dynamic_torch_index_select_scalar.mlir_module.vmfb from dynamic_torch_index_select_scalar.mlir
[213/476] Generating check_stablehlo_regression_vmvx_dynamic_torch_index_select_vector.mlir_module.vmfb from dynamic_torch_index_select_vector.mlir
[214/476] Generating check_llvm-cpu_local-task_bitcast_convert.mlir_module.vmfb from bitcast_convert.mlir
[215/476] Generating check_llvm-cpu_local-task_abs.mlir_module.vmfb from abs.mlir
[216/476] Generating check_llvm-cpu_local-task_batch_norm_inference.mlir_module.vmfb from batch_norm_inference.mlir
[217/476] Generating check_llvm-cpu_local-task_add.mlir_module.vmfb from add.mlir
[218/476] Generating check_llvm-cpu_local-task_broadcast_add.mlir_module.vmfb from broadcast_add.mlir
[219/476] Generating check_llvm-cpu_local-task_constant.mlir_module.vmfb from constant.mlir
[220/476] Generating check_llvm-cpu_local-task_broadcast.mlir_module.vmfb from broadcast.mlir
[221/476] Generating check_llvm-cpu_local-task_broadcast_in_dim.mlir_module.vmfb from broadcast_in_dim.mlir
[222/476] Generating check_stablehlo_regression_llvm-cpu_lowering_config.mlir_module.vmfb from lowering_config.mlir
[223/476] Generating check_stablehlo_regression_llvm-cpu_dynamic_dot.mlir_module.vmfb from dynamic_dot.mlir
[224/476] Generating check_llvm-cpu_local-task_cosine.mlir_module.vmfb from cosine.mlir
[225/476] Generating /home/andrea/workspace/iree/build-mips/tests/e2e/matmul/e2e_matmul_cpu_experimental_dt_uk_f16_f16_llvm-cpu_local-task_generic_matmul.vmfb from e2e_matmul_cpu_experimental_dt_uk_f16_f16_llvm-cpu_local-task_generic_matmul.mlir
[226/476] Generating check_llvm-cpu_local-task_clamp.mlir_module.vmfb from clamp.mlir
[227/476] Generating check_regression_tosa_llvm-cpu_linalg_quantized_matmul_vs_linalg_matmul.mlir_module.vmfb from linalg_quantized_matmul_vs_linalg_matmul.mlir
[228/476] Generating check_llvm-cpu_local-task_divide.mlir_module.vmfb from divide.mlir
[229/476] Generating check_llvm-cpu_local-task_complex.mlir_module.vmfb from complex.mlir
[230/476] Generating /home/andrea/workspace/iree/build-mips/tests/e2e/matmul/e2e_matmul_cpu_experimental_dt_uk_bf16_bf16_llvm-cpu_local-task_generic_matmul.vmfb from e2e_matmul_cpu_experimental_dt_uk_bf16_bf16_llvm-cpu_local-task_generic_matmul.mlir
[231/476] Generating check_llvm-cpu_local-task_concatenate.mlir_module.vmfb from concatenate.mlir
[232/476] Generating /home/andrea/workspace/iree/build-mips/tests/e2e/matmul/e2e_matmul_cpu_experimental_dt_uk_f16_f32_llvm-cpu_local-task_generic_matmul.vmfb from e2e_matmul_cpu_experimental_dt_uk_f16_f32_llvm-cpu_local-task_generic_matmul.mlir
[233/476] Generating check_llvm-cpu_local-task_dot_bf16.mlir_module.vmfb from dot_bf16.mlir
[234/476] Generating /home/andrea/workspace/iree/build-mips/tests/e2e/matmul/e2e_matmul_cpu_experimental_dt_uk_bf16_f32_llvm-cpu_local-task_generic_matmul.vmfb from e2e_matmul_cpu_experimental_dt_uk_bf16_f32_llvm-cpu_local-task_generic_matmul.mlir
[235/476] Generating check_llvm-cpu_local-task_convert.mlir_module.vmfb from convert.mlir
[236/476] Generating check_llvm-cpu_local-task_exponential_fp16.mlir_module.vmfb from exponential_fp16.mlir
[237/476] Generating check_llvm-cpu_local-task_exponential_minus_one.mlir_module.vmfb from exponential_minus_one.mlir
[238/476] Generating check_llvm-cpu_local-task_dynamic_slice.mlir_module.vmfb from dynamic_slice.mlir
[239/476] Generating check_llvm-cpu_local-task_finite.mlir_module.vmfb from finite.mlir
[240/476] Generating check_llvm-cpu_local-task_dynamic_update_slice.mlir_module.vmfb from dynamic_update_slice.mlir
[241/476] Generating check_llvm-cpu_local-task_exponential.mlir_module.vmfb from exponential.mlir
[242/476] Generating check_llvm-cpu_local-task_floor.mlir_module.vmfb from floor.mlir
[243/476] Generating check_llvm-cpu_local-task_iota.mlir_module.vmfb from iota.mlir
[244/476] Generating check_llvm-cpu_local-task_dot.mlir_module.vmfb from dot.mlir
[245/476] Generating check_llvm-cpu_local-task_log_plus_one.mlir_module.vmfb from log_plus_one.mlir
[246/476] Generating check_llvm-cpu_local-task_multiply.mlir_module.vmfb from multiply.mlir
[247/476] Generating check_llvm-cpu_local-task_householder.mlir_module.vmfb from householder.mlir
[248/476] Generating check_llvm-cpu_local-task_dot_general.mlir_module.vmfb from dot_general.mlir
[249/476] Generating check_llvm-cpu_local-task_log.mlir_module.vmfb from log.mlir
[250/476] Generating check_llvm-cpu_local-task_reshape.mlir_module.vmfb from reshape.mlir
[251/476] Generating check_llvm-cpu_local-task_fft.mlir_module.vmfb from fft.mlir
[252/476] Generating check_llvm-cpu_local-task_negate.mlir_module.vmfb from negate.mlir
[253/476] Generating check_llvm-cpu_local-task_convolution.mlir_module.vmfb from convolution.mlir
[254/476] Generating check_llvm-cpu_local-task_pad.mlir_module.vmfb from pad.mlir
[255/476] Generating check_llvm-cpu_local-task_pow.mlir_module.vmfb from pow.mlir
[256/476] Generating check_llvm-cpu_local-task_compare.mlir_module.vmfb from compare.mlir
[257/476] Generating check_llvm-cpu_local-task_gather.mlir_module.vmfb from gather.mlir
[258/476] Generating check_llvm-cpu_local-task_round.mlir_module.vmfb from round.mlir
[259/476] Generating check_llvm-cpu_local-task_scatter_dynamic.mlir_module.vmfb from scatter_dynamic.mlir
[260/476] Generating check_llvm-cpu_local-task_reverse.mlir_module.vmfb from reverse.mlir
[261/476] Generating check_llvm-cpu_local-task_philox.mlir_module.vmfb from philox.mlir
[262/476] Generating check_llvm-cpu_local-task_rsqrt.mlir_module.vmfb from rsqrt.mlir
[263/476] Generating check_llvm-cpu_local-task_shape_assertion.mlir_module.vmfb from shape_assertion.mlir
[264/476] Generating check_llvm-cpu_local-task_select.mlir_module.vmfb from select.mlir
[265/476] Generating check_llvm-cpu_local-task_minimum.mlir_module.vmfb from minimum.mlir
[266/476] Generating check_llvm-cpu_local-task_sine.mlir_module.vmfb from sine.mlir
[267/476] Generating check_llvm-cpu_local-task_maximum.mlir_module.vmfb from maximum.mlir
[268/476] Generating check_llvm-cpu_local-task_rng_uniform.mlir_module.vmfb from rng_uniform.mlir
[269/476] Generating check_llvm-cpu_local-task_rng_normal.mlir_module.vmfb from rng_normal.mlir
[270/476] Generating check_llvm-cpu_local-task_reduce_window.mlir_module.vmfb from reduce_window.mlir
[271/476] Generating check_llvm-cpu_local-task_slice.mlir_module.vmfb from slice.mlir
[272/476] Generating check_llvm-cpu_local-task_remainder.mlir_module.vmfb from remainder.mlir
[273/476] Generating check_llvm-cpu_local-task_sqrt.mlir_module.vmfb from sqrt.mlir
[274/476] Generating check_llvm-cpu_local-task_tanh.mlir_module.vmfb from tanh.mlir
[275/476] Generating check_llvm-cpu_local-task_subtract.mlir_module.vmfb from subtract.mlir
[276/476] Generating check_vmvx_local-task_bitcast_convert.mlir_module.vmfb from bitcast_convert.mlir
[277/476] Generating check_vmvx_local-task_batch_norm_inference.mlir_module.vmfb from batch_norm_inference.mlir
[278/476] Generating check_llvm-cpu_local-task_while.mlir_module.vmfb from while.mlir
[279/476] Generating check_llvm-cpu_local-task_transpose.mlir_module.vmfb from transpose.mlir
[280/476] Generating check_llvm-cpu_local-task_sort.mlir_module.vmfb from sort.mlir
[281/476] Generating check_llvm-cpu_local-task_scatter.mlir_module.vmfb from scatter.mlir
[282/476] Generating check_vmvx_local-task_abs.mlir_module.vmfb from abs.mlir
[283/476] Generating check_vmvx_local-task_broadcast_add.mlir_module.vmfb from broadcast_add.mlir
[284/476] Generating check_vmvx_local-task_add.mlir_module.vmfb from add.mlir
[285/476] Generating check_vmvx_local-task_broadcast.mlir_module.vmfb from broadcast.mlir
[286/476] Generating check_vmvx_local-task_broadcast_in_dim.mlir_module.vmfb from broadcast_in_dim.mlir
[287/476] Generating check_llvm-cpu_local-task_fft_complex.mlir_module.vmfb from fft_complex.mlir
[288/476] Generating check_vmvx_local-task_constant.mlir_module.vmfb from constant.mlir
[289/476] Generating check_llvm-cpu_local-task_torch_index_select.mlir_module.vmfb from torch_index_select.mlir
[290/476] Generating check_llvm-cpu_local-task_three_fry.mlir_module.vmfb from three_fry.mlir
[291/476] Generating check_vmvx_local-task_exponential_minus_one.mlir_module.vmfb from exponential_minus_one.mlir
[292/476] Generating check_vmvx_local-task_complex.mlir_module.vmfb from complex.mlir
[293/476] Generating check_vmvx_local-task_cosine.mlir_module.vmfb from cosine.mlir
[294/476] Generating check_vmvx_local-task_divide.mlir_module.vmfb from divide.mlir
[295/476] Generating check_vmvx_local-task_clamp.mlir_module.vmfb from clamp.mlir
[296/476] Generating check_vmvx_local-task_concatenate.mlir_module.vmfb from concatenate.mlir
[297/476] Generating check_vmvx_local-task_finite.mlir_module.vmfb from finite.mlir
[298/476] Generating check_vmvx_local-task_dynamic_update_slice.mlir_module.vmfb from dynamic_update_slice.mlir
[299/476] Generating check_vmvx_local-task_floor.mlir_module.vmfb from floor.mlir
[300/476] Generating check_vmvx_local-task_exponential.mlir_module.vmfb from exponential.mlir
[301/476] Generating check_vmvx_local-task_dynamic_slice.mlir_module.vmfb from dynamic_slice.mlir
[302/476] Generating check_vmvx_local-task_log_plus_one.mlir_module.vmfb from log_plus_one.mlir
[303/476] Generating check_vmvx_local-task_multiply.mlir_module.vmfb from multiply.mlir
[304/476] Generating check_vmvx_local-task_convert.mlir_module.vmfb from convert.mlir
[305/476] Generating check_vmvx_local-task_iota.mlir_module.vmfb from iota.mlir
[306/476] Generating check_vmvx_local-task_log.mlir_module.vmfb from log.mlir
[307/476] Generating check_vmvx_local-task_householder.mlir_module.vmfb from householder.mlir
[308/476] Generating check_vmvx_local-task_dot.mlir_module.vmfb from dot.mlir
[309/476] Generating check_vmvx_local-task_pad.mlir_module.vmfb from pad.mlir
[310/476] Generating check_vmvx_local-task_fft.mlir_module.vmfb from fft.mlir
[311/476] Generating check_vmvx_local-task_negate.mlir_module.vmfb from negate.mlir
[312/476] Generating check_vmvx_local-task_reshape.mlir_module.vmfb from reshape.mlir
[313/476] Generating check_llvm-cpu_local-task_reduce.mlir_module.vmfb from reduce.mlir
[314/476] Generating check_vmvx_local-task_pow.mlir_module.vmfb from pow.mlir
[315/476] Generating check_vmvx_local-task_dot_general.mlir_module.vmfb from dot_general.mlir
[316/476] Generating check_vmvx_local-task_gather.mlir_module.vmfb from gather.mlir
[317/476] Generating check_vmvx_local-task_round.mlir_module.vmfb from round.mlir
[318/476] Generating check_vmvx_local-task_convolution.mlir_module.vmfb from convolution.mlir
[319/476] Generating check_vmvx_local-task_scatter_dynamic.mlir_module.vmfb from scatter_dynamic.mlir
[320/476] Generating check_vmvx_local-task_reverse.mlir_module.vmfb from reverse.mlir
[321/476] Generating check_vmvx_local-task_philox.mlir_module.vmfb from philox.mlir
[322/476] Generating check_vmvx_local-task_rsqrt.mlir_module.vmfb from rsqrt.mlir
[323/476] Generating check_vmvx_local-task_select.mlir_module.vmfb from select.mlir
[324/476] Generating check_vmvx_local-task_compare.mlir_module.vmfb from compare.mlir
[325/476] Generating check_vmvx_local-task_shape_assertion.mlir_module.vmfb from shape_assertion.mlir
[326/476] Generating check_vmvx_local-task_rng_uniform.mlir_module.vmfb from rng_uniform.mlir
[327/476] Generating check_vmvx_local-task_rng_normal.mlir_module.vmfb from rng_normal.mlir
[328/476] Generating check_vmvx_local-task_maximum.mlir_module.vmfb from maximum.mlir
[329/476] Generating check_vmvx_local-task_tanh.mlir_module.vmfb from tanh.mlir
[330/476] Generating check_vmvx_local-task_sine.mlir_module.vmfb from sine.mlir
[331/476] Generating check_vmvx_local-task_remainder.mlir_module.vmfb from remainder.mlir
[332/476] Generating check_vmvx_local-task_slice.mlir_module.vmfb from slice.mlir
[333/476] Generating check_vmvx_local-task_reduce_window.mlir_module.vmfb from reduce_window.mlir
[334/476] Generating check_vmvx_local-task_minimum.mlir_module.vmfb from minimum.mlir
[335/476] Generating check_vmvx_local-task_subtract.mlir_module.vmfb from subtract.mlir
[336/476] Generating check_vmvx_local-task_sqrt.mlir_module.vmfb from sqrt.mlir
[337/476] Generating check_vmvx_local-task_while.mlir_module.vmfb from while.mlir
[338/476] Generating check_vmvx_local-task_transpose.mlir_module.vmfb from transpose.mlir
[339/476] Generating check_llvm-cpu_local-task_collapse_shape.mlir_module.vmfb from collapse_shape.mlir
[340/476] Generating check_llvm-cpu_local-task_tensor_cast.mlir_module.vmfb from tensor_cast.mlir
[341/476] Generating check_vmvx_local-task_sort.mlir_module.vmfb from sort.mlir
[342/476] Generating check_vmvx_local-task_three_fry.mlir_module.vmfb from three_fry.mlir
[343/476] Generating check_llvm-cpu_local-task_expand_shape.mlir_module.vmfb from expand_shape.mlir
[344/476] Generating check_vmvx_local-task_torch_index_select.mlir_module.vmfb from torch_index_select.mlir
[345/476] Generating check_vmvx_local-task_collapse_shape.mlir_module.vmfb from collapse_shape.mlir
[346/476] Generating check_vmvx_local-task_expand_shape.mlir_module.vmfb from expand_shape.mlir
[347/476] Generating check_vmvx_local-task_scatter.mlir_module.vmfb from scatter.mlir
[348/476] Generating check_vmvx_local-task_tensor_cast.mlir_module.vmfb from tensor_cast.mlir
[349/476] Generating check_llvm-cpu_local-task_tensor_insert_slice.mlir_module.vmfb from tensor_insert_slice.mlir
[350/476] Generating check_vmvx_local-task_tensor_insert_slice.mlir_module.vmfb from tensor_insert_slice.mlir
[351/476] Generating check_vmvx_local-task_extract_slice.mlir_module.vmfb from extract_slice.mlir
[352/476] Generating check_llvm-cpu_local-task_extract_slice.mlir_module.vmfb from extract_slice.mlir
[353/476] Generating check_llvm-cpu_local-task_const.mlir_module.vmfb from const.mlir
[354/476] Generating check_llvm-cpu_local-task_abs.mlir_module.vmfb from abs.mlir
[355/476] Generating check_llvm-cpu_local-task_bitwise_and.mlir_module.vmfb from bitwise_and.mlir
[356/476] Generating check_llvm-cpu_local-task_bitwise_or.mlir_module.vmfb from bitwise_or.mlir
[357/476] Generating check_llvm-cpu_local-task_bitwise_xor.mlir_module.vmfb from bitwise_xor.mlir
[358/476] Generating check_llvm-cpu_local-task_add.mlir_module.vmfb from add.mlir
[359/476] Generating check_llvm-cpu_local-task_ceil.mlir_module.vmfb from ceil.mlir
[360/476] Generating check_llvm-cpu_local-task_concat.mlir_module.vmfb from concat.mlir
[361/476] Generating check_llvm-cpu_local-task_clamp.mlir_module.vmfb from clamp.mlir
[362/476] Generating check_llvm-cpu_local-task_clz.mlir_module.vmfb from clz.mlir
[363/476] Generating check_llvm-cpu_local-task_arithmetic_right_shift.mlir_module.vmfb from arithmetic_right_shift.mlir
[364/476] Generating check_llvm-cpu_subbyte_emulation_subbyte_types.mlir_module.vmfb from subbyte_types.mlir
[365/476] Generating check_vmvx_local-task_concat.mlir_module.vmfb from concat.mlir
[366/476] Generating check_llvm-cpu_local-task_exp.mlir_module.vmfb from exp.mlir
[367/476] Generating check_llvm-cpu_local-task_equal.mlir_module.vmfb from equal.mlir
[368/476] Generating check_llvm-cpu_local-task_floor.mlir_module.vmfb from floor.mlir
[369/476] Generating check_llvm-cpu_local-task_greater.mlir_module.vmfb from greater.mlir
[370/476] Generating check_llvm-cpu_local-task_logical_left_shift.mlir_module.vmfb from logical_left_shift.mlir
[371/476] Generating check_llvm-cpu_local-task_if.mlir_module.vmfb from if.mlir
[372/476] Generating check_llvm-cpu_local-task_logical_right_shift.mlir_module.vmfb from logical_right_shift.mlir
[373/476] Generating check_llvm-cpu_local-task_log.mlir_module.vmfb from log.mlir
[374/476] Generating check_llvm-cpu_local-task_logical_right_shift_16.mlir_module.vmfb from logical_right_shift_16.mlir
[375/476] Generating check_llvm-cpu_local-task_greater_equal.mlir_module.vmfb from greater_equal.mlir
[376/476] Generating check_llvm-cpu_local-task_gather.mlir_module.vmfb from gather.mlir
[377/476] Generating check_llvm-cpu_local-task_mul_shift.mlir_module.vmfb from mul_shift.mlir
[378/476] Generating check_llvm-cpu_local-task_minimum.mlir_module.vmfb from minimum.mlir
[379/476] Generating check_llvm-cpu_local-task_matmul.mlir_module.vmfb from matmul.mlir
[380/476] Generating check_llvm-cpu_local-task_maximum.mlir_module.vmfb from maximum.mlir
[381/476] Generating check_llvm-cpu_local-task_mul.mlir_module.vmfb from mul.mlir
[382/476] Generating check_llvm-cpu_local-task_reciprocal.mlir_module.vmfb from reciprocal.mlir
[383/476] Generating check_vmvx_local-task_reduce.mlir_module.vmfb from reduce.mlir
[384/476] Generating check_llvm-cpu_local-task_negate.mlir_module.vmfb from negate.mlir
[385/476] Generating check_llvm-cpu_local-task_transpose.mlir_module.vmfb from transpose.mlir
[386/476] Generating check_llvm-cpu_local-task_reshape.mlir_module.vmfb from reshape.mlir
[387/476] Generating check_llvm-cpu_local-task_rsqrt.mlir_module.vmfb from rsqrt.mlir
[388/476] Generating check_llvm-cpu_local-task_pad.mlir_module.vmfb from pad.mlir
[389/476] Generating check_llvm-cpu_local-task_sigmoid.mlir_module.vmfb from sigmoid.mlir
[390/476] Generating check_llvm-cpu_local-task_max_pool.mlir_module.vmfb from max_pool.mlir
[391/476] Generating check_vmvx_local-task_abs.mlir_module.vmfb from abs.mlir
[392/476] Generating check_llvm-cpu_local-task_tanh.mlir_module.vmfb from tanh.mlir
[393/476] Generating check_vmvx_local-task_bitwise_and.mlir_module.vmfb from bitwise_and.mlir
[394/476] Generating check_llvm-cpu_local-task_sub.mlir_module.vmfb from sub.mlir
[395/476] Generating check_vmvx_local-task_bitwise_or.mlir_module.vmfb from bitwise_or.mlir
[396/476] Generating check_vmvx_local-task_const.mlir_module.vmfb from const.mlir
[397/476] Generating check_vmvx_local-task_bitwise_xor.mlir_module.vmfb from bitwise_xor.mlir
[398/476] Generating check_vmvx_local-task_clz.mlir_module.vmfb from clz.mlir
[399/476] Generating check_vmvx_local-task_add.mlir_module.vmfb from add.mlir
[400/476] Generating check_vmvx_local-task_arithmetic_right_shift.mlir_module.vmfb from arithmetic_right_shift.mlir
[401/476] Generating check_llvm-cpu_local-task_select.mlir_module.vmfb from select.mlir
[402/476] Generating check_vmvx_local-task_ceil.mlir_module.vmfb from ceil.mlir
[403/476] Generating check_vmvx_local-task_clamp.mlir_module.vmfb from clamp.mlir
[404/476] Generating check_llvm-cpu_local-task_table.mlir_module.vmfb from table.mlir
[405/476] Generating check_vmvx_local-task_exp.mlir_module.vmfb from exp.mlir
[406/476] Generating check_vmvx_local-task_floor.mlir_module.vmfb from floor.mlir
[407/476] Generating check_vmvx_local-task_equal.mlir_module.vmfb from equal.mlir
[408/476] Generating check_vmvx_local-task_logical_left_shift.mlir_module.vmfb from logical_left_shift.mlir
[409/476] Generating check_vmvx_local-task_logical_right_shift.mlir_module.vmfb from logical_right_shift.mlir
[410/476] Generating check_vmvx_local-task_logical_right_shift_16.mlir_module.vmfb from logical_right_shift_16.mlir
[411/476] Generating check_vmvx_local-task_log.mlir_module.vmfb from log.mlir
[412/476] Generating check_vmvx_local-task_greater_equal.mlir_module.vmfb from greater_equal.mlir
[413/476] Generating check_vmvx_local-task_greater.mlir_module.vmfb from greater.mlir
[414/476] Generating check_vmvx_local-task_if.mlir_module.vmfb from if.mlir
[415/476] Generating check_vmvx_local-task_minimum.mlir_module.vmfb from minimum.mlir
[416/476] Generating check_vmvx_local-task_mul_shift.mlir_module.vmfb from mul_shift.mlir
[417/476] Generating check_vmvx_local-task_maximum.mlir_module.vmfb from maximum.mlir
[418/476] Generating check_llvm-cpu_local-task_while.mlir_module.vmfb from while.mlir
[419/476] Generating check_vmvx_local-task_mul.mlir_module.vmfb from mul.mlir
[420/476] Generating check_vmvx_local-task_matmul.mlir_module.vmfb from matmul.mlir
[421/476] Generating check_llvm-cpu_local-task_reduce.mlir_module.vmfb from reduce.mlir
[422/476] Generating check_vmvx_local-task_negate.mlir_module.vmfb from negate.mlir
[423/476] Generating check_vmvx_local-task_reciprocal.mlir_module.vmfb from reciprocal.mlir
[424/476] Generating check_vmvx_local-task_rsqrt.mlir_module.vmfb from rsqrt.mlir
[425/476] Generating check_vmvx_local-task_transpose.mlir_module.vmfb from transpose.mlir
[426/476] Generating check_vmvx_local-task_sigmoid.mlir_module.vmfb from sigmoid.mlir
[427/476] Generating check_vmvx_local-task_reshape.mlir_module.vmfb from reshape.mlir
[428/476] Generating check_vmvx_local-task_gather.mlir_module.vmfb from gather.mlir
[429/476] Generating check_vmvx_local-task_max_pool.mlir_module.vmfb from max_pool.mlir
[430/476] Generating check_vmvx_local-task_pad.mlir_module.vmfb from pad.mlir
[431/476] Generating check_vmvx_local-sync_microkernels_abs.mlir_module.vmfb from abs.mlir
[432/476] Generating check_vmvx_local-task_tanh.mlir_module.vmfb from tanh.mlir
[433/476] Generating check_vmvx_local-task_select.mlir_module.vmfb from select.mlir
[434/476] Generating check_vmvx_local-task_sub.mlir_module.vmfb from sub.mlir
[435/476] Generating check_vmvx_local-sync_microkernels_bitwise_or.mlir_module.vmfb from bitwise_or.mlir
[436/476] Generating check_vmvx_local-sync_microkernels_bitwise_and.mlir_module.vmfb from bitwise_and.mlir
[437/476] Generating check_vmvx_local-sync_microkernels_bitwise_xor.mlir_module.vmfb from bitwise_xor.mlir
[438/476] Generating check_vmvx_local-sync_microkernels_add.mlir_module.vmfb from add.mlir
[439/476] Generating check_vmvx_local-sync_microkernels_ceil.mlir_module.vmfb from ceil.mlir
[440/476] Generating check_vmvx_local-sync_microkernels_const.mlir_module.vmfb from const.mlir
[441/476] Generating check_vmvx_local-sync_microkernels_clamp.mlir_module.vmfb from clamp.mlir
[442/476] Generating check_vmvx_local-sync_microkernels_clz.mlir_module.vmfb from clz.mlir
[443/476] Generating check_vmvx_local-sync_microkernels_arithmetic_right_shift.mlir_module.vmfb from arithmetic_right_shift.mlir
[444/476] Generating check_vmvx_local-sync_microkernels_exp.mlir_module.vmfb from exp.mlir
[445/476] Generating check_vmvx_local-sync_microkernels_floor.mlir_module.vmfb from floor.mlir
[446/476] Generating check_vmvx_local-task_table.mlir_module.vmfb from table.mlir
[447/476] Generating check_vmvx_local-sync_microkernels_equal.mlir_module.vmfb from equal.mlir
[448/476] Generating check_vmvx_local-sync_microkernels_log.mlir_module.vmfb from log.mlir
[449/476] Generating check_vmvx_local-sync_microkernels_logical_left_shift.mlir_module.vmfb from logical_left_shift.mlir
[450/476] Generating check_vmvx_local-sync_microkernels_logical_right_shift_16.mlir_module.vmfb from logical_right_shift_16.mlir
[451/476] Generating check_vmvx_local-sync_microkernels_logical_right_shift.mlir_module.vmfb from logical_right_shift.mlir
[452/476] Generating check_vmvx_local-sync_microkernels_greater.mlir_module.vmfb from greater.mlir
[453/476] Generating check_vmvx_local-task_reduce.mlir_module.vmfb from reduce.mlir
[454/476] Generating check_vmvx_local-sync_microkernels_greater_equal.mlir_module.vmfb from greater_equal.mlir
[455/476] Generating check_vmvx_local-sync_microkernels_if.mlir_module.vmfb from if.mlir
[456/476] Generating check_vmvx_local-task_while.mlir_module.vmfb from while.mlir
[457/476] Generating check_vmvx_local-sync_microkernels_mul_shift.mlir_module.vmfb from mul_shift.mlir
[458/476] Generating check_vmvx_local-sync_microkernels_maximum.mlir_module.vmfb from maximum.mlir
[459/476] Generating check_vmvx_local-sync_microkernels_matmul.mlir_module.vmfb from matmul.mlir
[460/476] Generating check_vmvx_local-sync_microkernels_mul.mlir_module.vmfb from mul.mlir
[461/476] Generating check_vmvx_local-sync_microkernels_minimum.mlir_module.vmfb from minimum.mlir
[462/476] Generating check_vmvx_local-sync_microkernels_reciprocal.mlir_module.vmfb from reciprocal.mlir
[463/476] Generating check_vmvx_local-sync_microkernels_negate.mlir_module.vmfb from negate.mlir
[464/476] Generating check_vmvx_local-sync_microkernels_rsqrt.mlir_module.vmfb from rsqrt.mlir
[465/476] Generating check_vmvx_local-sync_microkernels_gather.mlir_module.vmfb from gather.mlir
[466/476] Generating check_vmvx_local-sync_microkernels_sigmoid.mlir_module.vmfb from sigmoid.mlir
[467/476] Generating check_vmvx_local-sync_microkernels_max_pool.mlir_module.vmfb from max_pool.mlir
[468/476] Generating check_vmvx_local-sync_microkernels_tanh.mlir_module.vmfb from tanh.mlir
[469/476] Generating check_vmvx_local-sync_microkernels_reshape.mlir_module.vmfb from reshape.mlir
[470/476] Generating check_vmvx_local-sync_microkernels_transpose.mlir_module.vmfb from transpose.mlir
[471/476] Generating check_vmvx_local-sync_microkernels_pad.mlir_module.vmfb from pad.mlir
[472/476] Generating check_vmvx_local-sync_microkernels_sub.mlir_module.vmfb from sub.mlir
[473/476] Generating check_vmvx_local-sync_microkernels_select.mlir_module.vmfb from select.mlir
[474/476] Generating check_vmvx_local-sync_microkernels_table.mlir_module.vmfb from table.mlir
[475/476] Generating check_vmvx_local-sync_microkernels_reduce.mlir_module.vmfb from reduce.mlir
[476/476] Generating check_vmvx_local-sync_microkernels_while.mlir_module.vmfb from while.mlir
